hood_id,neighbourhood,year,downtown,apprehensions,fitted
1,West Humber-Clairville,2014,False,90,59.08908590420921
1,West Humber-Clairville,2015,False,144,64.2425785040397
1,West Humber-Clairville,2016,False,143,70.75652491624527
1,West Humber-Clairville,2017,False,149,77.44431399611639
1,West Humber-Clairville,2018,False,194,82.15079823831094
1,West Humber-Clairville,2019,False,194,85.73203003538747
1,West Humber-Clairville,2020,False,178,90.7723613574815
1,West Humber-Clairville,2021,False,198,102.4094603608408
1,West Humber-Clairville,2022,False,182,97.43903009155892
1,West Humber-Clairville,2023,False,163,92.87558528336362
1,West Humber-Clairville,2024,False,184,102.01791372961853
1,West Humber-Clairville,2025,False,183,99.67371518036768
2,Mount Olive-Silverstone-Jamestown,2014,False,90,60.71567545421712
2,Mount Olive-Silverstone-Jamestown,2015,False,101,66.01103210695437
2,Mount Olive-Silverstone-Jamestown,2016,False,108,72.7042928037062
2,Mount Olive-Silverstone-Jamestown,2017,False,126,79.57618166551691
2,Mount Olive-Silverstone-Jamestown,2018,False,135,84.41222482656225
2,Mount Olive-Silverstone-Jamestown,2019,False,116,88.0920398751503
2,Mount Olive-Silverstone-Jamestown,2020,False,109,93.27112017485395
2,Mount Olive-Silverstone-Jamestown,2021,False,118,105.2285623235101
2,Mount Olive-Silverstone-Jamestown,2022,False,117,100.12130729528438
2,Mount Olive-Silverstone-Jamestown,2023,False,128,95.43224112193407
2,Mount Olive-Silverstone-Jamestown,2024,False,175,104.82623729473869
2,Mount Olive-Silverstone-Jamestown,2025,False,167,102.41750823524215
3,Thistletown-Beaumond Heights,2014,False,21,18.658946156292526
3,Thistletown-Beaumond Heights,2015,False,20,20.286298136199175
3,Thistletown-Beaumond Heights,2016,False,27,22.343249492112104
3,Thistletown-Beaumond Heights,2017,False,22,24.455096281352535
3,Thistletown-Beaumond Heights,2018,False,26,25.941293515862352
3,Thistletown-Beaumond Heights,2019,False,34,27.07216244457076
3,Thistletown-Beaumond Heights,2020,False,38,28.663780749536414
3,Thistletown-Beaumond Heights,2021,False,32,32.33850342287631
3,Thistletown-Beaumond Heights,2022,False,33,30.76895822939532
3,Thistletown-Beaumond Heights,2023,False,40,29.327929490156297
3,Thistletown-Beaumond Heights,2024,False,34,32.214862188664334
3,Thistletown-Beaumond Heights,2025,False,39,31.474619319092124
4,Rexdale-Kipling,2014,False,26,37.80588287279844
4,Rexdale-Kipling,2015,False,34,41.1031472429204
4,Rexdale-Kipling,2016,False,23,45.27084574986222
4,Rexdale-Kipling,2017,False,27,49.54977081296895
4,Rexdale-Kipling,2018,False,33,52.56103404847627
4,Rexdale-Kipling,2019,False,33,54.85234771137678
4,Rexdale-Kipling,2020,False,37,58.07721018279996
4,Rexdale-Kipling,2021,False,41,65.52276117022555
4,Rexdale-Kipling,2022,False,36,62.34262220357255
4,Rexdale-Kipling,2023,False,44,59.42287725786809
4,Rexdale-Kipling,2024,False,63,65.27224509178723
4,Rexdale-Kipling,2025,False,57,63.77239965624888
5,Elms-Old Rexdale,2014,False,21,24.085857966044287
5,Elms-Old Rexdale,2015,False,27,26.186521546960087
5,Elms-Old Rexdale,2016,False,28,28.841732499743344
5,Elms-Old Rexdale,2017,False,38,31.567805097071563
5,Elms-Old Rexdale,2018,False,32,33.48625939776417
5,Elms-Old Rexdale,2019,False,35,34.94603896767829
5,Elms-Old Rexdale,2020,False,19,37.00057581603244
5,Elms-Old Rexdale,2021,False,36,41.74408317348406
5,Elms-Old Rexdale,2022,False,27,39.718039350600684
5,Elms-Old Rexdale,2023,False,25,37.85789069871154
5,Elms-Old Rexdale,2024,False,54,41.58448116911406
5,Elms-Old Rexdale,2025,False,52,40.628940354131835
6,Kingsview Village-The Westway,2014,False,44,56.97353371216929
6,Kingsview Village-The Westway,2015,False,58,61.94251706804384
6,Kingsview Village-The Westway,2016,False,55,68.22324623885373
6,Kingsview Village-The Westway,2017,False,73,74.6715940305188
6,Kingsview Village-The Westway,2018,False,76,79.2095731604238
6,Kingsview Village-The Westway,2019,False,77,82.66258698522046
6,Kingsview Village-The Westway,2020,False,95,87.5224605491026
6,Kingsview Village-The Westway,2021,False,89,98.74291932307244
6,Kingsview Village-The Westway,2022,False,90,93.95044416158507
6,Kingsview Village-The Westway,2023,False,92,89.5503832595629
6,Kingsview Village-The Westway,2024,False,92,98.36539114079532
6,Kingsview Village-The Westway,2025,False,96,96.10512136288288
7,Willowridge-Martingrove-Richview,2014,False,35,49.29578303700788
7,Willowridge-Martingrove-Richview,2015,False,38,53.5951464337595
7,Willowridge-Martingrove-Richview,2016,False,44,59.029484842232165
7,Willowridge-Martingrove-Richview,2017,False,47,64.60885359423902
7,Willowridge-Martingrove-Richview,2018,False,46,68.53529487387635
7,Willowridge-Martingrove-Richview,2019,False,52,71.52298072097352
7,Willowridge-Martingrove-Richview,2020,False,52,75.72793795607745
7,Willowridge-Martingrove-Richview,2021,False,48,85.43632824290223
7,Willowridge-Martingrove-Richview,2022,False,70,81.28968680471344
7,Willowridge-Martingrove-Richview,2023,False,58,77.48257789917298
7,Willowridge-Martingrove-Richview,2024,False,80,85.10967574039282
7,Willowridge-Martingrove-Richview,2025,False,62,83.15399980953015
8,Humber Heights-Westmount,2014,False,29,24.689557966204763
8,Humber Heights-Westmount,2015,False,33,26.842873630593104
8,Humber Heights-Westmount,2016,False,25,29.564636119754315
8,Humber Heights-Westmount,2017,False,33,32.35903636518893
8,Humber Heights-Westmount,2018,False,34,34.32557576475026
8,Humber Heights-Westmount,2019,False,35,35.82194398049276
8,Humber Heights-Westmount,2020,False,37,37.92797676880593
8,Humber Heights-Westmount,2021,False,42,42.790377769012224
8,Humber Heights-Westmount,2022,False,48,40.71355216962228
8,Humber Heights-Westmount,2023,False,33,38.80677982083074
8,Humber Heights-Westmount,2024,False,34,42.626775420116395
8,Humber Heights-Westmount,2025,False,32,41.647284451854574
9,Edenbridge-Humber Valley,2014,False,29,35.50434064005477
9,Edenbridge-Humber Valley,2015,False,27,38.60087452529717
9,Edenbridge-Humber Valley,2016,False,31,42.51485235709055
9,Edenbridge-Humber Valley,2017,False,27,46.53328550742751
9,Edenbridge-Humber Valley,2018,False,22,49.361229402562714
9,Edenbridge-Humber Valley,2019,False,30,51.51305273319475
9,Edenbridge-Humber Valley,2020,False,27,54.54159239428326
9,Edenbridge-Humber Valley,2021,False,30,61.533873976487904
9,Edenbridge-Humber Valley,2022,False,26,58.54733514773863
9,Edenbridge-Humber Valley,2023,False,32,55.80533810238048
9,Edenbridge-Humber Valley,2024,False,40,61.29860878734761
9,Edenbridge-Humber Valley,2025,False,38,59.89007077145328
10,Princess-Rosethorn,2014,False,7,18.389191269443558
10,Princess-Rosethorn,2015,False,17,19.993016403539833
10,Princess-Rosethorn,2016,False,19,22.020230137851822
10,Princess-Rosethorn,2017,False,22,24.10154567484992
10,Princess-Rosethorn,2018,False,14,25.566256756633173
10,Princess-Rosethorn,2019,False,13,26.680776561583517
10,Princess-Rosethorn,2020,False,13,28.2493846272695
10,Princess-Rosethorn,2021,False,13,31.87098134212037
10,Princess-Rosethorn,2022,False,23,30.32412727398619
10,Princess-Rosethorn,2023,False,18,28.903931680480238
10,Princess-Rosethorn,2024,False,21,31.74912760581234
10,Princess-Rosethorn,2025,False,12,31.019586526676207
11,Eringate-Centennial-West Deane,2014,False,29,31.278787601568627
11,Eringate-Centennial-West Deane,2015,False,36,34.0067871630726
11,Eringate-Centennial-West Deane,2016,False,39,37.45494248917938
11,Eringate-Centennial-West Deane,2017,False,38,40.99512137250977
11,Eringate-Centennial-West Deane,2018,False,39,43.48649721136411
11,Eringate-Centennial-West Deane,2019,False,43,45.38222104967718
11,Eringate-Centennial-West Deane,2020,False,51,48.05031872715512
11,Eringate-Centennial-West Deane,2021,False,44,54.2104131414532
11,Eringate-Centennial-West Deane,2022,False,47,51.5793175625961
11,Eringate-Centennial-West Deane,2023,False,57,49.163659599661585
11,Eringate-Centennial-West Deane,2024,False,39,54.00314806488788
11,Eringate-Centennial-West Deane,2025,False,53,52.7622473571533
12,Markland Wood,2014,False,17,20.113410878833903
12,Markland Wood,2015,False,15,21.86761493420645
12,Markland Wood,2016,False,16,24.084905633944008
12,Markland Wood,2017,False,18,26.361370865653473
12,Markland Wood,2018,False,15,27.96341716421154
12,Markland Wood,2019,False,17,29.182437318013108
12,Markland Wood,2020,False,32,30.898122258732624
12,Markland Wood,2021,False,17,34.859289538789675
12,Markland Wood,2022,False,27,33.16739830844089
12,Markland Wood,2023,False,22,31.61404138904443
12,Markland Wood,2024,False,37,34.72601047123457
12,Markland Wood,2025,False,27,33.92806567515015
13,Etobicoke West Mall,2014,False,23,29.297886721575246
13,Etobicoke West Mall,2015,False,28,31.853120739835028
13,Etobicoke West Mall,2016,False,33,35.08290270675517
13,Etobicoke West Mall,2017,False,32,38.398880334120946
13,Etobicoke West Mall,2018,False,24,40.73247612553718
13,Etobicoke West Mall,2019,False,36,42.508142848230165
13,Etobicoke West Mall,2020,False,28,45.00726859800588
13,Etobicoke West Mall,2021,False,50,50.77724122748413
13,Etobicoke West Mall,2022,False,37,48.312774215369885
13,Etobicoke West Mall,2023,False,45,46.05010104984808
13,Etobicoke West Mall,2024,False,49,50.583102349344045
13,Etobicoke West Mall,2025,False,52,49.42078848887633
15,Kingsway South,2014,False,15,14.006389155911595
15,Kingsway South,2015,False,8,15.227965387135617
15,Kingsway South,2016,False,16,16.77202156932149
15,Kingsway South,2017,False,13,18.35728515923695
15,Kingsway South,2018,False,19,19.47290319332212
15,Kingsway South,2019,False,14,20.32179305918827
15,Kingsway South,2020,False,21,21.51654570921956
15,Kingsway South,2021,False,22,24.274986372037617
15,Kingsway South,2022,False,34,23.096802963738796
15,Kingsway South,2023,False,20,22.01509078462797
15,Kingsway South,2024,False,26,24.182174740148852
15,Kingsway South,2025,False,19,23.62650939794406
16,Stonegate-Queensway,2014,False,54,59.96888961225877
16,Stonegate-Queensway,2015,False,58,65.19911485787915
16,Stonegate-Queensway,2016,False,45,71.81005031839712
16,Stonegate-Queensway,2017,False,41,78.59741686745872
16,Stonegate-Queensway,2018,False,47,83.37397804898649
16,Stonegate-Queensway,2019,False,41,87.00853240074859
16,Stonegate-Queensway,2020,False,46,92.12391145998592
16,Stonegate-Queensway,2021,False,41,103.93428041155008
16,Stonegate-Queensway,2022,False,76,98.88984319302212
16,Stonegate-Queensway,2023,False,53,94.25845122331134
16,Stonegate-Queensway,2024,False,76,103.53690386820865
16,Stonegate-Queensway,2025,False,63,101.15780150305889
18,New Toronto,2014,False,33,48.78127537692376
18,New Toronto,2015,False,51,53.03576565746068
18,New Toronto,2016,False,54,58.413385041173115
18,New Toronto,2017,False,52,63.934521064445676
18,New Toronto,2018,False,65,67.81998147329065
18,New Toronto,2019,False,63,70.77648438425109
18,New Toronto,2020,False,66,74.93755383475157
18,New Toronto,2021,False,63,84.54461616080721
18,New Toronto,2022,False,77,80.44125385629128
18,New Toronto,2023,False,53,76.67388033122359
18,New Toronto,2024,False,70,84.22137298064492
18,New Toronto,2025,False,75,82.28610873989204
19,Long Branch,2014,False,23,38.58000208076668
19,Long Branch,2015,False,29,41.94478175508747
19,Long Branch,2016,False,52,46.19781871261116
19,Long Branch,2017,False,40,50.564359718769744
19,Long Branch,2018,False,54,53.637282054229786
19,Long Branch,2019,False,50,55.97551301632152
19,Long Branch,2020,False,53,59.26640827927035
19,Long Branch,2021,False,46,66.86441554056913
19,Long Branch,2022,False,65,63.619159547913185
19,Long Branch,2023,False,64,60.63962944516206
19,Long Branch,2024,False,54,66.60876985548
19,Long Branch,2025,False,42,65.07821334874302
20,Alderwood,2014,False,22,26.497036711877133
20,Alderwood,2015,False,11,28.807992796617786
20,Alderwood,2016,False,21,31.729010689891982
20,Alderwood,2017,False,20,34.72798402073535
20,Alderwood,2018,False,23,36.83849028159488
20,Alderwood,2019,False,15,38.444404960233
20,Alderwood,2020,False,37,40.704616673408886
20,Alderwood,2021,False,31,45.92298542617029
20,Alderwood,2022,False,28,43.69411910841253
20,Alderwood,2023,False,26,41.64775533809801
20,Alderwood,2024,False,39,45.747406039500994
20,Alderwood,2025,False,31,44.696208274822055
21,Humber Summit,2014,False,25,24.26664364713307
21,Humber Summit,2015,False,43,26.38307456740417
21,Humber Summit,2016,False,33,29.05821522836767
21,Humber Summit,2017,False,37,31.804749413234084
21,Humber Summit,2018,False,35,33.73760341137062
21,Humber Summit,2019,False,42,35.208339918926676
21,Humber Summit,2020,False,39,37.27829788468404
21,Humber Summit,2021,False,39,42.057409463067934
21,Humber Summit,2022,False,41,40.01615838815509
21,Humber Summit,2023,False,38,38.142047674319386
21,Humber Summit,2024,False,45,41.89660950440029
21,Humber Summit,2025,False,57,40.93389650990557
22,Humbermede,2014,False,31,44.54368604537773
22,Humbermede,2015,False,31,48.42859224914207
22,Humbermede,2016,False,44,53.33906225323179
22,Humbermede,2017,False,40,58.380581724262626
22,Humbermede,2018,False,45,61.92851537823206
22,Humbermede,2019,False,62,64.6281893092741
22,Humbermede,2020,False,46,68.42779007378766
22,Humbermede,2021,False,55,77.20029478514738
22,Humbermede,2022,False,32,73.45338819423729
22,Humbermede,2023,False,47,70.01328331342748
22,Humbermede,2024,False,75,76.9051314745901
22,Humbermede,2025,False,84,75.13798204914228
23,Pelmo Park-Humberlea,2014,False,17,19.149020083563293
23,Pelmo Park-Humberlea,2015,False,25,20.819114175975358
23,Pelmo Park-Humberlea,2016,False,15,22.930090996175164
23,Pelmo Park-Humberlea,2017,False,25,25.09740506856909
23,Pelmo Park-Humberlea,2018,False,29,26.62263701111195
23,Pelmo Park-Humberlea,2019,False,39,27.78320801262117
23,Pelmo Park-Humberlea,2020,False,41,29.416629891427327
23,Pelmo Park-Humberlea,2021,False,26,33.18786850715056
23,Pelmo Park-Humberlea,2022,False,32,31.577099486206077
23,Pelmo Park-Humberlea,2023,False,26,30.0982223814895
23,Pelmo Park-Humberlea,2024,False,44,33.06097985774615
23,Pelmo Park-Humberlea,2025,False,32,32.30129463986623
24,Black Creek,2014,False,74,67.8233347619696
24,Black Creek,2015,False,83,73.73859048886075
24,Black Creek,2016,False,92,81.21539540767026
24,Black Creek,2017,False,82,88.89173953519436
24,Black Creek,2018,False,95,94.29391239716374
24,Black Creek,2019,False,92,98.40450370715773
24,Black Creek,2020,False,117,104.18987123042268
24,Black Creek,2021,False,125,117.54710716131049
24,Black Creek,2022,False,156,111.84197310980342
24,Black Creek,2023,False,108,106.60398304517874
24,Black Creek,2024,False,116,117.09768409378565
24,Black Creek,2025,False,138,114.40697800955024
25,Glenfield-Jane Heights,2014,False,84,74.48811063353851
25,Glenfield-Jane Heights,2015,False,92,80.98463907108453
25,Glenfield-Jane Heights,2016,False,75,89.19616499991508
25,Glenfield-Jane Heights,2017,False,92,97.62683819873206
25,Glenfield-Jane Heights,2018,False,105,103.55986480699477
25,Glenfield-Jane Heights,2019,False,110,108.07439039531461
25,Glenfield-Jane Heights,2020,False,120,114.42826694298151
25,Glenfield-Jane Heights,2021,False,158,129.09807448444357
25,Glenfield-Jane Heights,2022,False,118,122.83231568772165
25,Glenfield-Jane Heights,2023,False,107,117.07960557990316
25,Glenfield-Jane Heights,2024,False,124,128.60448809131583
25,Glenfield-Jane Heights,2025,False,118,125.64937517644269
27,York University Heights,2014,False,122,66.86525261669316
27,York University Heights,2015,False,128,72.69694859358721
27,York University Heights,2016,False,158,80.06813509475975
27,York University Heights,2017,False,187,87.6360420851924
27,York University Heights,2018,False,209,92.96190307923447
27,York University Heights,2019,False,189,97.01442758737538
27,York University Heights,2020,False,190,102.71807018001938
27,York University Heights,2021,False,212,115.88661988218456
27,York University Heights,2022,False,209,110.2620773717798
27,York University Heights,2023,False,151,105.09807990536129
27,York University Heights,2024,False,144,115.44354542930957
27,York University Heights,2025,False,203,112.79084864477227
28,Rustic,2014,False,22,38.76784958742254
28,Rustic,2015,False,28,42.1490125027536
28,Rustic,2016,False,28,46.42275765999468
28,Rustic,2017,False,35,50.81055952142746
28,Rustic,2018,False,43,53.898444033345
28,Rustic,2019,False,38,56.248059931479375
28,Rustic,2020,False,33,59.554978689411904
28,Rustic,2021,False,36,67.18998093885507
28,Rustic,2022,False,32,63.92892367056916
28,Rustic,2023,False,19,60.93488612171588
28,Rustic,2024,False,40,66.93309050514117
28,Rustic,2025,False,41,65.39508166019584
29,Maple Leaf,2014,False,19,20.43690349023279
29,Maple Leaf,2015,False,20,22.219321161596053
29,Maple Leaf,2016,False,20,24.47227349838809
29,Maple Leaf,2017,False,21,26.785352096522615
29,Maple Leaf,2018,False,22,28.413164792626272
29,Maple Leaf,2019,False,22,29.651790970253305
29,Maple Leaf,2020,False,28,31.395070007526336
29,Maple Leaf,2021,False,33,35.419946439419085
29,Maple Leaf,2022,False,16,33.70084379696292
29,Maple Leaf,2023,False,26,32.12250357218297
29,Maple Leaf,2024,False,22,35.284523787473056
29,Maple Leaf,2025,False,25,34.47374530309019
30,Brookhaven-Amesbury,2014,False,54,61.23794957567845
30,Brookhaven-Amesbury,2015,False,64,66.57885670155041
30,Brookhaven-Amesbury,2016,False,63,73.32969259324086
30,Brookhaven-Amesbury,2017,False,55,80.26069320323248
30,Brookhaven-Amesbury,2018,False,72,85.13833583878565
30,Brookhaven-Amesbury,2019,False,73,88.8498045280071
30,Brookhaven-Amesbury,2020,False,80,94.07343509571434
30,Brookhaven-Amesbury,2021,False,84,106.13373474445422
30,Brookhaven-Amesbury,2022,False,76,100.98254728670364
30,Brookhaven-Amesbury,2023,False,65,96.25314592976459
30,Brookhaven-Amesbury,2024,False,69,105.72794892982533
30,Brookhaven-Amesbury,2025,False,95,103.29850006701636
31,Yorkdale-Glen Park,2014,False,33,41.44276195775949
31,Yorkdale-Glen Park,2015,False,36,45.057219074460896
31,Yorkdale-Glen Park,2016,False,50,49.62584501334019
31,Yorkdale-Glen Park,2017,False,48,54.316397365260364
31,Yorkdale-Glen Park,2018,False,54,57.61734039259739
31,Yorkdale-Glen Park,2019,False,74,60.12907559057287
31,Yorkdale-Glen Park,2020,False,81,63.66416583563794
31,Yorkdale-Glen Park,2021,False,83,71.82596960185163
31,Yorkdale-Glen Park,2022,False,63,68.3399052072962
31,Yorkdale-Glen Park,2023,False,74,65.13928441583563
31,Yorkdale-Glen Park,2024,False,83,71.55135418709615
31,Yorkdale-Glen Park,2025,False,69,69.9072254792021
32,Englemount-Lawrence,2014,False,34,57.69908861946355
32,Englemount-Lawrence,2015,False,42,62.7313517128445
32,Englemount-Lawrence,2016,False,57,69.09206563401742
32,Englemount-Lawrence,2017,False,58,75.62253279022497
32,Englemount-Lawrence,2018,False,64,80.21830284185047
32,Englemount-Lawrence,2019,False,57,83.71529061318508
32,Englemount-Lawrence,2020,False,64,88.63705440720317
32,Englemount-Lawrence,2021,False,73,100.00040512406487
32,Englemount-Lawrence,2022,False,64,95.14689804749442
32,Englemount-Lawrence,2023,False,62,90.69080260501381
32,Englemount-Lawrence,2024,False,69,99.61806914056065
32,Englemount-Lawrence,2025,False,84,97.32901494780994
33,Clanton Park,2014,False,35,36.65997025130048
33,Clanton Park,2015,False,48,39.857293115735324
33,Clanton Park,2016,False,52,43.898666882747904
33,Clanton Park,2017,False,36,48.04789588101847
33,Clanton Park,2018,False,50,50.96788642862615
33,Clanton Park,2019,False,42,53.18974938580014
33,Clanton Park,2020,False,42,56.31686488432408
33,Clanton Park,2021,False,46,63.536738008883624
33,Clanton Park,2022,False,46,60.45299042640404
33,Clanton Park,2023,False,41,57.62174420974904
33,Clanton Park,2024,False,47,63.29381518086976
33,Clanton Park,2025,False,59,61.83943070760181
34,Bathurst Manor,2014,False,60,37.17572172234668
34,Bathurst Manor,2015,False,48,40.418026182768585
34,Bathurst Manor,2016,False,41,44.51625609153729
34,Bathurst Manor,2017,False,35,48.7238585948843
34,Bathurst Manor,2018,False,33,51.68492908363881
34,Bathurst Manor,2019,False,44,53.93805036101252
34,Bathurst Manor,2020,False,46,57.10915974189478
34,Bathurst Manor,2021,False,58,64.43060578534195
34,Bathurst Manor,2022,False,44,61.30347444283478
34,Bathurst Manor,2023,False,62,58.43239678629802
34,Bathurst Manor,2024,False,57,64.18426539301906
34,Bathurst Manor,2025,False,49,62.709419884829074
35,Westminster-Branson,2014,False,56,57.452837707826866
35,Westminster-Branson,2015,False,47,62.46362386970005
35,Westminster-Branson,2016,False,63,68.79719123380903
35,Westminster-Branson,2017,False,73,75.29978735203123
35,Westminster-Branson,2018,False,83,79.87594335789001
35,Westminster-Branson,2019,False,77,83.35800651867561
35,Westminster-Branson,2020,False,54,88.25876497534546
35,Westminster-Branson,2021,False,78,99.57361864415621
35,Westminster-Branson,2022,False,76,94.74082559567255
35,Westminster-Branson,2023,False,74,90.30374808902596
35,Westminster-Branson,2024,False,73,99.19291441232689
35,Westminster-Branson,2025,False,81,96.9136295538106
36,Newtonbrook West,2014,False,75,46.831420885862755
36,Newtonbrook West,2015,False,60,50.915853353917754
36,Newtonbrook West,2016,False,81,56.078521914275775
36,Newtonbrook West,2017,False,72,61.37897055724608
36,Newtonbrook West,2018,False,67,65.10912378378623
36,Newtonbrook West,2019,False,84,67.94745121790174
36,Newtonbrook West,2020,False,93,71.94219701464402
36,Newtonbrook West,2021,False,163,81.16525188132876
36,Newtonbrook West,2022,False,152,77.22590659678805
36,Newtonbrook West,2023,False,88,73.60912015929848
36,Newtonbrook West,2024,False,93,80.85492917447664
36,Newtonbrook West,2025,False,129,78.99702010006709
37,Willowdale West,2014,False,42,39.88644758265507
37,Willowdale West,2015,False,56,43.36516974099018
37,Willowdale West,2016,False,61,47.7622284896711
37,Willowdale West,2017,False,58,52.27663490662889
37,Willowdale West,2018,False,57,55.453616478643916
37,Willowdale West,2019,False,72,57.871027615905305
37,Willowdale West,2020,False,67,61.27336339418813
37,Willowdale West,2021,False,63,69.12866412035139
37,Willowdale West,2022,False,64,65.77351310785568
37,Willowdale West,2023,False,63,62.693086336091135
37,Willowdale West,2024,False,67,68.86436143325737
37,Willowdale West,2025,False,60,67.28197525944503
38,Lansing-Westgate,2014,False,32,30.011195055453758
38,Lansing-Westgate,2015,False,24,32.62864071844942
38,Lansing-Westgate,2016,False,35,35.93705738061255
38,Lansing-Westgate,2017,False,34,39.33376828744769
38,Lansing-Westgate,2018,False,35,41.72417955302217
38,Lansing-Westgate,2019,False,47,43.54307799012256
38,Lansing-Westgate,2020,False,39,46.103049330628636
38,Lansing-Westgate,2021,False,60,52.01350204326002
38,Lansing-Westgate,2022,False,44,49.4890332680488
38,Lansing-Westgate,2023,False,42,47.17127136383577
38,Lansing-Westgate,2024,False,43,51.81463651432005
38,Lansing-Westgate,2025,False,42,50.624024088459784
39,Bedford Park-Nortown,2014,False,59,39.64278127760036
39,Bedford Park-Nortown,2015,False,40,43.10025192255171
39,Bedford Park-Nortown,2016,False,42,47.47044903969277
39,Bedford Park-Nortown,2017,False,50,51.957276948214684
39,Bedford Park-Nortown,2018,False,27,55.114850340063406
39,Bedford Park-Nortown,2019,False,51,57.517493512882844
39,Bedford Park-Nortown,2020,False,45,60.899044422171464
39,Bedford Park-Nortown,2021,False,63,68.70635711683427
39,Bedford Park-Nortown,2022,False,43,65.37170272160239
39,Bedford Park-Nortown,2023,False,36,62.31009427673727
39,Bedford Park-Nortown,2024,False,49,68.44366905483432
39,Bedford Park-Nortown,2025,False,54,66.87094967802975
40,St.Andrew-Windfields,2014,False,34,31.00290654626813
40,St.Andrew-Windfields,2015,False,35,33.70684496424334
40,St.Andrew-Windfields,2016,False,48,37.12458732350742
40,St.Andrew-Windfields,2017,False,52,40.63354158589896
40,St.Andrew-Windfields,2018,False,44,43.10294331871286
40,St.Andrew-Windfields,2019,False,50,44.981946742547784
40,St.Andrew-Windfields,2020,False,83,47.626511615228914
40,St.Andrew-Windfields,2021,False,83,53.73227357363344
40,St.Andrew-Windfields,2022,False,62,51.12438443852147
40,St.Andrew-Windfields,2023,False,41,48.73003274476044
40,St.Andrew-Windfields,2024,False,86,53.52683658928123
40,St.Andrew-Windfields,2025,False,66,52.29688071103089
41,Bridle Path-Sunnybrook-York Mills,2014,False,19,12.33674646028747
41,Bridle Path-Sunnybrook-York Mills,2015,False,23,13.41270373084236
41,Bridle Path-Sunnybrook-York Mills,2016,False,25,14.772699474786588
41,Bridle Path-Sunnybrook-York Mills,2017,False,30,16.168990464835087
41,Bridle Path-Sunnybrook-York Mills,2018,False,44,17.151620368933102
41,Bridle Path-Sunnybrook-York Mills,2019,False,34,17.899317647034092
41,Bridle Path-Sunnybrook-York Mills,2020,False,48,18.951648862604483
41,Bridle Path-Sunnybrook-York Mills,2021,False,40,21.38126742482835
41,Bridle Path-Sunnybrook-York Mills,2022,False,59,20.34353030142667
41,Bridle Path-Sunnybrook-York Mills,2023,False,31,19.390764478047938
41,Bridle Path-Sunnybrook-York Mills,2024,False,53,21.299519476914597
41,Bridle Path-Sunnybrook-York Mills,2025,False,45,20.81009266124911
42,Banbury-Don Mills,2014,False,36,48.29017478944496
42,Banbury-Don Mills,2015,False,46,52.50183341664666
42,Banbury-Don Mills,2016,False,53,57.825314157648904
42,Banbury-Don Mills,2017,False,61,63.29086669886552
42,Banbury-Don Mills,2018,False,78,67.13721062552209
42,Banbury-Don Mills,2019,False,57,70.0639492405465
42,Banbury-Don Mills,2020,False,55,74.18312754252962
42,Banbury-Don Mills,2021,False,61,83.69347173409993
42,Banbury-Don Mills,2022,False,73,79.63141961720856
42,Banbury-Don Mills,2023,False,105,75.90197374649425
42,Banbury-Don Mills,2024,False,96,83.37348277216884
42,Banbury-Don Mills,2025,False,88,81.4577016096713
43,Victoria Village,2014,False,33,46.90469514586194
43,Victoria Village,2015,False,57,50.99551827559131
43,Victoria Village,2016,False,59,56.16626454769126
43,Victoria Village,2017,False,64,61.475006478471975
43,Victoria Village,2018,False,54,65.21099604762544
43,Victoria Village,2019,False,64,68.0537644390819
43,Victoria Village,2020,False,56,72.05476057024931
43,Victoria Village,2021,False,76,81.2922461867919
43,Victoria Village,2022,False,48,77.34673724961907
43,Victoria Village,2023,False,47,73.72429184759739
43,Victoria Village,2024,False,69,80.98143793697997
43,Victoria Village,2025,False,63,79.12062190587352
44,Flemingdon Park,2014,False,62,56.01696588475899
44,Flemingdon Park,2015,False,49,60.9025215628423
44,Flemingdon Park,2016,False,43,67.07779925353466
44,Flemingdon Park,2017,False,53,73.41788130081706
44,Flemingdon Park,2018,False,57,77.87966917920066
44,Flemingdon Park,2019,False,60,81.2747079809087
44,Flemingdon Park,2020,False,68,86.05298578631152
44,Flemingdon Park,2021,False,66,97.0850565637392
44,Flemingdon Park,2022,False,58,92.3730455626162
44,Flemingdon Park,2023,False,65,88.04686030816725
44,Flemingdon Park,2024,False,88,96.7138669616691
44,Flemingdon Park,2025,False,83,94.4915464070177
46,Pleasant View,2014,False,22,23.888880681389875
46,Pleasant View,2015,False,19,25.972364761840108
46,Pleasant View,2016,False,24,28.60586105349727
46,Pleasant View,2017,False,27,31.309639473937562
46,Pleasant View,2018,False,33,33.21240440539876
46,Pleasant View,2019,False,31,34.66024570779173
46,Pleasant View,2020,False,35,36.697980286109164
46,Pleasant View,2021,False,34,41.40269462234783
46,Pleasant View,2022,False,39,39.3932200498264
46,Pleasant View,2023,False,22,37.548283935975974
46,Pleasant View,2024,False,43,41.244397863964494
46,Pleasant View,2025,False,46,40.29667158626708
47,Don Valley Village,2014,False,58,45.78500926028044
47,Don Valley Village,2015,False,35,49.77817826594985
47,Don Valley Village,2016,False,42,54.82549101821156
47,Don Valley Village,2017,False,54,60.00750526444801
47,Don Valley Village,2018,False,56,63.654311122327954
47,Don Valley Village,2019,False,61,66.42921834052676
47,Don Valley Village,2020,False,73,70.33470465370254
47,Don Valley Village,2021,False,66,79.35167754266122
47,Don Valley Village,2022,False,111,75.50035386038985
47,Don Valley Village,2023,False,101,71.96438169895357
47,Don Valley Village,2024,False,99,79.04828875500239
47,Don Valley Village,2025,False,105,77.23189321184952
48,Hillcrest Village,2014,False,25,29.529383466867902
48,Hillcrest Village,2015,False,24,32.104807622536214
48,Hillcrest Village,2016,False,25,35.360109655816515
48,Hillcrest Village,2017,False,34,38.7022884230629
48,Hillcrest Village,2018,False,43,41.05432308127098
48,Hillcrest Village,2019,False,46,42.84402020386735
48,Hillcrest Village,2020,False,42,45.362892752538436
48,Hillcrest Village,2021,False,39,51.17845672097044
48,Hillcrest Village,2022,False,65,48.69451676537712
48,Hillcrest Village,2023,False,69,46.41396512696554
48,Hillcrest Village,2024,False,53,50.9827838578419
48,Hillcrest Village,2025,False,48,49.81128599450518
49,Bayview Woods-Steeles,2014,False,20,18.153169937205853
49,Bayview Woods-Steeles,2015,False,17,19.736410319135526
49,Bayview Woods-Steeles,2016,False,14,21.73760519925799
49,Bayview Woods-Steeles,2017,False,13,23.792207497013994
49,Bayview Woods-Steeles,2018,False,28,25.2381193257034
49,Bayview Woods-Steeles,2019,False,18,26.33833450761101
49,Bayview Woods-Steeles,2020,False,44,27.886809824662354
49,Bayview Woods-Steeles,2021,False,42,31.461924121176146
49,Bayview Woods-Steeles,2022,False,41,29.934923593776244
49,Bayview Woods-Steeles,2023,False,37,28.53295590660429
49,Bayview Woods-Steeles,2024,False,32,31.34163435148093
49,Bayview Woods-Steeles,2025,False,43,30.62145677587774
50,Newtonbrook East,2014,False,44,25.06433222786785
50,Newtonbrook East,2015,False,38,27.25033407033007
50,Newtonbrook East,2016,False,37,30.01341145580064
50,Newtonbrook East,2017,False,52,32.850229199766716
50,Newtonbrook East,2018,False,40,34.84661961377354
50,Newtonbrook East,2019,False,38,36.365701897301236
50,Newtonbrook East,2020,False,43,38.503703134962855
50,Newtonbrook East,2021,False,61,43.439912777156856
50,Newtonbrook East,2022,False,57,41.33156207789757
50,Newtonbrook East,2023,False,43,39.39584594646901
50,Newtonbrook East,2024,False,53,43.2738270322603
50,Newtonbrook East,2025,False,39,42.279467915895566
52,Bayview Village,2014,False,70,38.84618493797789
52,Bayview Village,2015,False,54,42.23417992124864
52,Bayview Village,2016,False,67,46.516560721906615
52,Bayview Village,2017,False,75,50.913228692773906
52,Bayview Village,2018,False,75,54.00735266646943
52,Bayview Village,2019,False,76,56.3617162611361
52,Bayview Village,2020,False,83,59.6753170672843
52,Bayview Village,2021,False,79,67.32574680584707
52,Bayview Village,2022,False,81,64.05810015829431
52,Bayview Village,2023,False,88,61.058012777338874
52,Bayview Village,2024,False,73,67.06833729247327
52,Bayview Village,2025,False,93,65.52722070584745
53,Henry Farm,2014,False,27,45.70368723715891
53,Henry Farm,2015,False,38,49.68976369032143
53,Henry Farm,2016,False,31,54.72811155012221
53,Henry Farm,2017,False,29,59.90092165095917
53,Henry Farm,2018,False,26,63.54125015664271
53,Henry Farm,2019,False,40,66.31122866405596
53,Henry Farm,2020,False,47,70.20977816421384
53,Henry Farm,2021,False,92,79.21073536398497
53,Henry Farm,2022,False,79,75.36625229261657
53,Henry Farm,2023,False,41,71.83656062373701
53,Henry Farm,2024,False,50,78.90788544680805
53,Henry Farm,2025,False,52,77.0947161334353
54,O'Connor-Parkview,2014,False,72,70.39224213386987
54,O'Connor-Parkview,2015,False,68,76.53154676807021
54,O'Connor-Parkview,2016,False,73,84.29154653923547
54,O'Connor-Parkview,2017,False,60,92.25864335663611
54,O'Connor-Parkview,2018,False,86,97.8654313667414
54,O'Connor-Parkview,2019,False,72,102.13171729653216
54,O'Connor-Parkview,2020,False,73,108.13621402262717
54,O'Connor-Parkview,2021,False,98,121.99937467649556
54,O'Connor-Parkview,2022,False,89,116.07815038150471
54,O'Connor-Parkview,2023,False,64,110.64176383080074
54,O'Connor-Parkview,2024,False,71,121.53292905714065
54,O'Connor-Parkview,2025,False,57,118.7403085695563
55,Thorncliffe Park,2014,False,23,71.99502633811517
55,Thorncliffe Park,2015,False,35,78.27411882669345
55,Thorncliffe Park,2016,False,26,86.21080859495416
55,Thorncliffe Park,2017,False,45,94.35931087047805
55,Thorncliffe Park,2018,False,33,100.09376168811355
55,Thorncliffe Park,2019,False,43,104.45718809094181
55,Thorncliffe Park,2020,False,48,110.59840318564237
55,Thorncliffe Park,2021,False,78,124.77721872197179
55,Thorncliffe Park,2022,False,59,118.7211721158554
55,Thorncliffe Park,2023,False,53,113.16100268471585
55,Thorncliffe Park,2024,False,58,124.30015244829232
55,Thorncliffe Park,2025,False,57,121.4439458627194
56,Leaside-Bennington,2014,False,16,30.925085598821585
56,Leaside-Bennington,2015,False,16,33.62223681285481
56,Leaside-Bennington,2016,False,22,37.03140023620105
56,Leaside-Bennington,2017,False,32,40.53154661005358
56,Leaside-Bennington,2018,False,29,42.99474985363267
56,Leaside-Bennington,2019,False,25,44.8690367575349
56,Leaside-Bennington,2020,False,22,47.50696346086669
56,Leaside-Bennington,2021,False,25,53.59739923752188
56,Leaside-Bennington,2022,False,20,50.996056211337645
56,Leaside-Bennington,2023,False,25,48.607714622372825
56,Leaside-Bennington,2024,False,25,53.39247792419997
56,Leaside-Bennington,2025,False,37,52.16560938008785
57,Broadview North,2014,False,22,44.80141281357459
57,Broadview North,2015,False,39,48.70879682305137
57,Broadview North,2016,False,24,53.64767847594789
57,Broadview North,2017,False,52,58.7183678391773
57,Broadview North,2018,False,48,62.28682959837545
57,Broadview North,2019,False,60,65.00212366100526
57,Broadview North,2020,False,50,68.82370865970361
57,Broadview North,2021,False,74,77.64697049264386
57,Broadview North,2022,False,68,73.87838455248938
57,Broadview North,2023,False,61,70.4183754564719
57,Broadview North,2024,False,46,77.35009938704596
57,Broadview North,2025,False,33,75.57272535401003
58,Old East York,2014,False,31,20.40707765356393
58,Old East York,2015,False,19,22.186894045415006
58,Old East York,2016,False,21,24.43655839934547
58,Old East York,2017,False,24,26.746261265706167
58,Old East York,2018,False,24,28.371698314460698
58,Old East York,2019,False,27,29.608516827727723
58,Old East York,2020,False,28,31.349251704831953
58,Old East York,2021,False,41,35.36825418878891
58,Old East York,2022,False,31,33.65166042321109
58,Old East York,2023,False,40,32.07562364512374
58,Old East York,2024,False,29,35.23302917411704
58,Old East York,2025,False,37,34.423433948570896
59,Danforth East York,2014,False,45,42.99151237293586
59,Danforth East York,2015,False,55,46.741044752377576
59,Danforth East York,2016,False,59,51.480404034918585
59,Danforth East York,2017,False,70,56.34624622176452
59,Danforth East York,2018,False,81,59.77054823008042
59,Danforth East York,2019,False,64,62.37614905734587
59,Danforth East York,2020,False,83,66.04334855927735
59,Danforth East York,2021,False,63,74.51016570718589
59,Danforth East York,2022,False,63,70.89382419249301
59,Danforth East York,2023,False,76,67.57359354528371
59,Danforth East York,2024,False,62,74.22528768642819
59,Danforth East York,2025,False,69,72.5197165239615
60,Woodbine-Lumsden,2014,False,22,20.164549716672305
60,Woodbine-Lumsden,2015,False,18,21.923213878650515
60,Woodbine-Lumsden,2016,False,20,24.14614209408432
60,Woodbine-Lumsden,2017,False,35,26.428395294181172
60,Woodbine-Lumsden,2018,False,16,28.034514834536218
60,Woodbine-Lumsden,2019,False,25,29.256634376817573
60,Woodbine-Lumsden,2020,False,19,30.97668148835405
60,Woodbine-Lumsden,2021,False,18,34.94792013285574
60,Woodbine-Lumsden,2022,False,20,33.25172722777905
60,Woodbine-Lumsden,2023,False,27,31.69442086051996
60,Woodbine-Lumsden,2024,False,26,34.81430220001996
60,Woodbine-Lumsden,2025,False,29,34.01432860982514
61,Taylor-Massey,2014,False,36,61.302739327182316
61,Taylor-Massey,2015,False,51,66.64929713286782
61,Taylor-Massey,2016,False,61,73.4072754090257
61,Taylor-Massey,2017,False,52,80.3456090177592
61,Taylor-Massey,2018,False,59,85.22841219928871
61,Taylor-Massey,2019,False,60,88.94380762243505
61,Taylor-Massey,2020,False,73,94.17296479135568
61,Taylor-Massey,2021,False,98,106.24602423729185
61,Taylor-Massey,2022,False,90,101.08938682313925
61,Taylor-Massey,2023,False,84,96.35498175949868
61,Taylor-Massey,2024,False,61,105.83980910126536
61,Taylor-Massey,2025,False,67,103.4077898815258
62,East End-Danforth,2014,False,92,74.49174895422092
62,East End-Danforth,2015,False,94,80.98859471024336
62,East End-Danforth,2016,False,83,89.20052172542673
62,East End-Danforth,2017,False,108,97.63160671469461
62,East End-Danforth,2018,False,115,103.56492311757331
62,East End-Danforth,2019,False,132,108.07966921479962
62,East End-Danforth,2020,False,137,114.43385611320922
62,East End-Danforth,2021,False,99,129.10438019136055
62,East End-Danforth,2022,False,124,122.83831534794706
62,East End-Danforth,2023,False,119,117.08532425294838
62,East End-Danforth,2024,False,94,128.61076968934384
62,East End-Danforth,2025,False,110,125.65551243400698
63,The Beaches,2014,False,30,56.18306064696115
63,The Beaches,2015,False,40,61.08310238646818
63,The Beaches,2016,False,41,67.27669026699984
63,The Beaches,2017,False,52,73.63557116215537
63,The Beaches,2018,False,65,78.11058859670923
63,The Beaches,2019,False,69,81.51569395867321
63,The Beaches,2020,False,62,86.30813973806914
63,The Beaches,2021,False,78,97.37292148338715
63,The Beaches,2022,False,84,92.64693899462002
63,The Beaches,2023,False,81,88.30792625657328
63,The Beaches,2024,False,83,97.00063127460417
63,The Beaches,2025,False,90,94.77172136263518
64,Woodbine Corridor,2014,False,47,50.55631623193015
64,Woodbine Corridor,2015,False,47,54.96561784133924
64,Woodbine Corridor,2016,False,70,60.538916694991876
64,Woodbine Corridor,2017,False,66,66.26095443581143
64,Woodbine Corridor,2018,False,63,70.28779800680053
64,Woodbine Corridor,2019,False,82,73.35188140667493
64,Woodbine Corridor,2020,False,69,77.66436281223577
64,Woodbine Corridor,2021,False,110,87.62100452082245
64,Woodbine Corridor,2022,False,76,83.36833009444973
64,Woodbine Corridor,2023,False,65,79.46387032324778
64,Woodbine Corridor,2024,False,77,87.28599924861855
64,Woodbine Corridor,2025,False,66,85.28031509641346
65,Greenwood-Coxwell,2014,False,38,51.06037132982271
65,Greenwood-Coxwell,2015,False,46,55.513634428517776
65,Greenwood-Coxwell,2016,False,46,61.142500022563006
65,Greenwood-Coxwell,2017,False,61,66.92158745585539
65,Greenwood-Coxwell,2018,False,60,70.98857934423891
65,Greenwood-Coxwell,2019,False,70,74.08321217835196
65,Greenwood-Coxwell,2020,False,88,78.43868975924858
65,Greenwood-Coxwell,2021,False,67,88.49460088430301
65,Greenwood-Coxwell,2022,False,42,84.19952656838034
65,Greenwood-Coxwell,2023,False,61,80.25613866714679
65,Greenwood-Coxwell,2024,False,56,88.15625555238233
65,Greenwood-Coxwell,2025,False,48,86.13057438700397
66,Danforth,2014,False,29,25.111601639577096
66,Danforth,2015,False,29,27.301726114158498
66,Danforth,2016,False,36,30.070014452042674
66,Danforth,2017,False,56,32.912182217093076
66,Danforth,2018,False,41,34.912337670581266
66,Danforth,2019,False,58,36.43428482699795
66,Danforth,2020,False,47,38.576318171312934
66,Danforth,2021,False,46,43.52183712698629
66,Danforth,2022,False,49,41.4095102397191
66,Danforth,2023,False,53,39.470143495861016
66,Danforth,2024,False,57,43.35543815709
66,Danforth,2025,False,46,42.359203755557886
67,Playter Estates-Danforth,2014,False,22,24.715029289398366
67,Playter Estates-Danforth,2015,False,31,26.870566451607793
67,Playter Estates-Danforth,2016,False,36,29.5951368846015
67,Playter Estates-Danforth,2017,False,50,32.392420011612224
67,Playter Estates-Danforth,2018,False,46,34.36098821868354
67,Playter Estates-Danforth,2019,False,58,35.858900183345774
67,Playter Estates-Danforth,2020,False,54,37.96710568944842
67,Playter Estates-Danforth,2021,False,37,42.834523052748075
67,Playter Estates-Danforth,2022,False,46,40.75555486756821
67,Playter Estates-Danforth,2023,False,36,38.8468153707694
67,Playter Estates-Danforth,2024,False,64,42.67075192123132
67,Playter Estates-Danforth,2025,False,35,41.690250447595005
68,North Riverdale,2014,False,39,28.034918050897623
68,North Riverdale,2015,False,66,30.480001444916805
68,North Riverdale,2016,False,40,33.57055448122826
68,North Riverdale,2017,False,44,36.74358746907684
68,North Riverdale,2018,False,51,38.97658698190847
68,North Riverdale,2019,False,53,40.67570854413858
68,North Riverdale,2020,False,56,43.067102376044396
68,North Riverdale,2021,False,55,48.58834393727356
68,North Riverdale,2022,False,57,46.230114779643415
68,North Riverdale,2023,False,42,44.06498057135748
68,North Riverdale,2024,False,55,48.402573967211424
68,North Riverdale,2025,False,47,47.29036494895351
69,Blake-Jones,2014,False,29,36.06186967264054
69,Blake-Jones,2015,False,42,39.20702881074739
69,Blake-Jones,2016,False,30,43.18246831834668
69,Blake-Jones,2017,False,35,47.264003419217836
69,Blake-Jones,2018,False,41,50.13635486553232
69,Blake-Jones,2019,False,35,52.321968542871176
69,Blake-Jones,2020,False,37,55.39806573515038
69,Blake-Jones,2021,False,46,62.50014797597353
69,Blake-Jones,2022,False,36,59.46671116027519
69,Blake-Jones,2023,False,44,56.68165619770207
69,Blake-Jones,2024,False,53,62.26118838860086
69,Blake-Jones,2025,False,32,60.830531926814984
70,South Riverdale,2014,False,122,84.85495906852735
70,South Riverdale,2015,False,127,92.25563885442709
70,South Riverdale,2016,False,106,101.61000011630803
70,South Riverdale,2017,False,115,111.2140083683798
70,South Riverdale,2018,False,133,117.97276121785728
70,South Riverdale,2019,False,138,123.11559382231603
70,South Riverdale,2020,False,179,130.3537682073702
70,South Riverdale,2021,False,173,147.06523944602247
70,South Riverdale,2022,False,136,139.9274465592513
70,South Riverdale,2023,False,114,133.37410567598477
70,South Riverdale,2024,False,137,146.50295839432968
70,South Riverdale,2025,False,140,143.13656900276504
71,Cabbagetown-South St.James Town,2014,True,66,47.03859019061051
71,Cabbagetown-South St.James Town,2015,True,78,51.14109106271322
71,Cabbagetown-South St.James Town,2016,True,80,56.326597846555835
71,Cabbagetown-South St.James Town,2017,True,61,61.65049421414016
71,Cabbagetown-South St.James Town,2018,True,76,65.39714861096144
71,Cabbagetown-South St.James Town,2019,True,76,68.24803202373508
71,Cabbagetown-South St.James Town,2020,True,78,72.26044947539835
71,Cabbagetown-South St.James Town,2021,True,95,81.5243045960203
71,Cabbagetown-South St.James Town,2022,True,98,77.56753273316262
71,Cabbagetown-South St.James Town,2023,True,88,73.9347466288361
71,Cabbagetown-South St.James Town,2024,True,67,81.21260910700165
71,Cabbagetown-South St.James Town,2025,True,61,79.34648115466892
72,Regent Park,2014,True,29,69.87273996638874
72,Regent Park,2015,True,39,75.9667358852021
72,Regent Park,2016,True,43,83.66946604002091
72,Regent Park,2017,True,90,91.57776484304235
72,Regent Park,2018,True,92,97.14317416658284
72,Regent Park,2019,True,116,101.37797445647294
72,Regent Park,2020,True,93,107.33815736375384
72,Regent Park,2021,True,114,121.09900643058502
72,Regent Park,2022,True,83,115.22148139508842
72,Regent Park,2023,True,65,109.82521595021574
72,Regent Park,2024,True,89,120.63600322907232
72,Regent Park,2025,True,84,117.86399257507567
73,Moss Park,2014,True,187,143.66776607212427
73,Moss Park,2015,True,212,156.1978426159912
73,Moss Park,2016,True,266,172.03569346499964
73,Moss Park,2017,True,282,188.2962211472899
73,Moss Park,2018,True,288,199.73945244428293
73,Moss Park,2019,True,352,208.44677231899743
73,Moss Park,2020,True,368,220.7017112849262
73,Moss Park,2021,True,367,248.99587071875283
73,Moss Park,2022,True,309,236.91088747222554
73,Moss Park,2023,True,276,225.81543877549487
73,Moss Park,2024,True,255,248.0438737643244
73,Moss Park,2025,True,233,242.3442464364223
74,North St.James Town,2014,True,64,95.75160567683362
74,North St.James Town,2015,True,64,104.10264349923963
74,North St.James Town,2016,True,99,114.65824473620346
74,North St.James Town,2017,True,101,125.49555137289381
74,North St.James Town,2018,True,136,133.12222923373278
74,North St.James Town,2019,True,108,138.9254785076665
74,North St.James Town,2020,True,97,147.09314280384683
74,North St.James Town,2021,True,134,165.95061703856936
74,North St.James Town,2022,True,110,157.89622472727163
74,North St.James Town,2023,True,100,150.50133680311802
74,North St.James Town,2024,True,91,165.3161306852407
74,North St.James Town,2025,True,113,161.5174465174072
78,Kensington-Chinatown,2014,True,179,108.06891740853251
78,Kensington-Chinatown,2015,True,189,117.49421748915012
78,Kensington-Chinatown,2016,True,216,129.4076719968988
78,Kensington-Chinatown,2017,True,224,141.63906997265923
78,Kensington-Chinatown,2018,True,277,150.24682974878482
78,Kensington-Chinatown,2019,True,230,156.79659841378808
78,Kensington-Chinatown,2020,True,269,166.01493613256832
78,Kensington-Chinatown,2021,True,322,187.2982014230095
78,Kensington-Chinatown,2022,True,343,178.2077067904359
78,Kensington-Chinatown,2023,True,289,169.86155398525054
78,Kensington-Chinatown,2024,True,274,186.5820959036289
78,Kensington-Chinatown,2025,True,287,182.29475594005476
79,University,2014,True,96,22.505515936709603
79,University,2015,True,91,24.468348971954406
79,University,2016,True,111,26.94934393993244
79,University,2017,True,110,29.4965511172848
79,University,2018,True,125,31.28913014432026
79,University,2019,True,122,32.65312940152345
79,University,2020,True,144,34.57286221105746
79,University,2021,True,82,39.00513448383793
79,University,2022,True,132,37.11202519088036
79,University,2023,True,103,35.37392621226986
79,University,2024,True,98,38.856004423453804
79,University,2025,True,103,37.963159374293575
80,Palmerston-Little Italy,2014,False,30,41.45445904616429
80,Palmerston-Little Italy,2015,False,28,45.06993633194787
80,Palmerston-Little Italy,2016,False,39,49.63985175103966
80,Palmerston-Little Italy,2017,False,31,54.331727996516534
80,Palmerston-Little Italy,2018,False,48,57.63360270457618
80,Palmerston-Little Italy,2019,False,49,60.14604683186221
80,Palmerston-Little Italy,2020,False,52,63.68213484496112
80,Palmerston-Little Italy,2021,False,55,71.8462422544574
80,Palmerston-Little Italy,2022,False,46,68.35919392925929
80,Palmerston-Little Italy,2023,False,55,65.15766977270964
80,Palmerston-Little Italy,2024,False,62,71.57154933037015
80,Palmerston-Little Italy,2025,False,51,69.92695657235168
81,Trinity-Bellwoods,2014,False,59,39.37073155825318
81,Trinity-Bellwoods,2015,False,68,42.804475212103085
81,Trinity-Bellwoods,2016,False,88,47.14468172664528
81,Trinity-Bellwoods,2017,False,94,51.60071865042965
81,Trinity-Bellwoods,2018,False,78,54.736623104646135
81,Trinity-Bellwoods,2019,False,96,57.12277807003437
81,Trinity-Bellwoods,2020,False,98,60.48112298957701
81,Trinity-Bellwoods,2021,False,166,68.23485777777141
81,Trinity-Bellwoods,2022,False,143,64.92308754361768
81,Trinity-Bellwoods,2023,False,137,61.88248947419378
81,Trinity-Bellwoods,2024,False,130,67.9739724201035
81,Trinity-Bellwoods,2025,False,150,66.41204587496416
83,Dufferin Grove,2014,False,35,37.09581012735348
83,Dufferin Grove,2015,False,28,40.3311450466641
83,Dufferin Grove,2016,False,45,44.420565547747195
83,Dufferin Grove,2017,False,52,48.61912354001112
83,Dufferin Grove,2018,False,47,51.57382901808982
83,Dufferin Grove,2019,False,38,53.8221070669626
83,Dufferin Grove,2020,False,32,56.98639994511717
83,Dufferin Grove,2021,False,63,64.29210807134626
83,Dufferin Grove,2022,False,33,61.17169869795645
83,Dufferin Grove,2023,False,51,58.3067926067385
83,Dufferin Grove,2024,False,64,64.04629720347508
83,Dufferin Grove,2025,False,49,62.57462197017063
84,Little Portugal,2014,False,42,46.581568592005574
84,Little Portugal,2015,False,65,50.64421003168803
84,Little Portugal,2016,False,69,55.77933502070382
84,Little Portugal,2017,False,63,61.051505015986955
84,Little Portugal,2018,False,84,64.76175734431693
84,Little Portugal,2019,False,93,67.58494189771861
84,Little Portugal,2020,False,108,71.55837515724095
84,Little Portugal,2021,False,98,80.73222371390521
84,Little Portugal,2022,False,116,76.81389539696916
84,Little Portugal,2023,False,110,73.21640502973972
84,Little Portugal,2024,False,135,80.42355662284857
84,Little Portugal,2025,False,123,78.57555975770448
85,South Parkdale,2014,False,138,122.30763253882989
85,South Parkdale,2015,False,141,132.9747713098283
85,South Parkdale,2016,False,190,146.45789347985524
85,South Parkdale,2017,False,196,160.30085003877213
85,South Parkdale,2018,False,226,170.04273276441296
85,South Parkdale,2019,False,213,177.455471952548
85,South Parkdale,2020,False,314,187.88837985394977
85,South Parkdale,2021,False,337,211.97584045586547
85,South Parkdale,2022,False,370,201.6876197187784
85,South Parkdale,2023,False,352,192.24181222030393
85,South Parkdale,2024,False,355,211.16538382482207
85,South Parkdale,2025,False,327,206.31316161876833
86,Roncesvalles,2014,False,55,53.300346136105176
86,Roncesvalles,2015,False,72,57.94897007701562
86,Roncesvalles,2016,False,63,63.824769188977605
86,Roncesvalles,2017,False,62,69.8573802437545
86,Roncesvalles,2018,False,54,74.1027875868257
86,Roncesvalles,2019,False,64,77.3331793158033
86,Roncesvalles,2020,False,104,81.87972797190847
86,Roncesvalles,2021,False,90,92.37678331483077
86,Roncesvalles,2022,False,60,87.89328776325674
86,Roncesvalles,2023,False,58,83.77690680850424
86,Roncesvalles,2024,False,65,92.02359506266507
86,Roncesvalles,2025,False,62,89.90904899760366
87,High Park-Swansea,2014,False,89,55.40312105189302
87,High Park-Swansea,2015,False,111,60.235139858399954
87,High Park-Swansea,2016,False,102,66.34274765226607
87,High Park-Swansea,2017,False,100,72.61335384445341
87,High Park-Swansea,2018,False,135,77.02624858142482
87,High Park-Swansea,2019,False,129,80.38408388606915
87,High Park-Swansea,2020,False,115,85.1100003917387
87,High Park-Swansea,2021,False,106,96.02117958684698
87,High Park-Swansea,2022,False,108,91.36080372089717
87,High Park-Swansea,2023,False,108,87.08202564787113
87,High Park-Swansea,2024,False,110,95.65405755280105
87,High Park-Swansea,2025,False,113,93.45608962003658
88,High Park North,2014,False,74,69.37631371848285
88,High Park North,2015,False,70,75.4270135030644
88,High Park North,2016,False,75,83.0750179174696
88,High Park North,2017,False,69,90.92713047240643
88,High Park North,2018,False,59,96.45299912143102
88,High Park North,2019,False,73,100.65771234131996
88,High Park North,2020,False,62,106.5755498183384
88,High Park North,2021,False,97,120.23863190660924
88,High Park North,2022,False,91,114.40286504034643
88,High Park North,2023,False,115,109.04493855010456
88,High Park North,2024,False,126,119.77891821316801
88,High Park North,2025,False,88,117.02660191849921
89,Runnymede-Bloor West Village,2014,False,21,17.699746901869364
89,Runnymede-Bloor West Village,2015,False,18,19.243441702386807
89,Runnymede-Bloor West Village,2016,False,24,21.19465149120105
89,Runnymede-Bloor West Village,2017,False,29,23.197934707304622
89,Runnymede-Bloor West Village,2018,False,26,24.607731095414717
89,Runnymede-Bloor West Village,2019,False,28,25.680465517266125
89,Runnymede-Bloor West Village,2020,False,28,27.190263601590086
89,Runnymede-Bloor West Village,2021,False,29,30.676080040946832
89,Runnymede-Bloor West Village,2022,False,17,29.18722035707396
89,Runnymede-Bloor West Village,2023,False,36,27.820270490280468
89,Runnymede-Bloor West Village,2024,False,20,30.558794823772406
89,Runnymede-Bloor West Village,2025,False,29,29.856605572161158
90,Junction Area,2014,False,64,35.463870829750526
90,Junction Area,2015,False,70,38.55687511447994
90,Junction Area,2016,False,69,42.466391577958
90,Junction Area,2017,False,69,46.4802442960328
90,Junction Area,2018,False,73,49.30496474437458
90,Junction Area,2019,False,68,51.454335307811746
90,Junction Area,2020,False,82,54.479422871963
90,Junction Area,2021,False,79,61.46373426505487
90,Junction Area,2022,False,81,58.48059965837216
90,Junction Area,2023,False,78,55.741728092836475
90,Junction Area,2024,False,81,61.22873724418364
90,Junction Area,2025,False,89,59.82180475779032
91,Weston-Pelham Park,2014,False,36,36.080360190580556
91,Weston-Pelham Park,2015,False,41,39.2271319910922
91,Weston-Pelham Park,2016,False,56,43.204609882618946
91,Weston-Pelham Park,2017,False,40,47.28823776732773
91,Weston-Pelham Park,2018,False,44,50.16206199545941
91,Weston-Pelham Park,2019,False,36,52.34879633374229
91,Weston-Pelham Park,2020,False,44,55.42647077730757
91,Weston-Pelham Park,2021,False,41,62.532194570281995
91,Weston-Pelham Park,2022,False,41,59.497202377162296
91,Weston-Pelham Park,2023,False,51,56.710719393545986
91,Weston-Pelham Park,2024,False,59,62.293112457744165
91,Weston-Pelham Park,2025,False,54,60.86172243501948
92,Corso Italia-Davenport,2014,False,41,32.641973428513886
92,Corso Italia-Davenport,2015,False,27,35.488864117945354
92,Corso Italia-Davenport,2016,False,33,39.08729625559383
92,Corso Italia-Davenport,2017,False,54,42.78176250261877
92,Corso Italia-Davenport,2018,False,44,45.381716981936414
92,Corso Italia-Davenport,2019,False,49,47.36005987508978
92,Corso Italia-Davenport,2020,False,51,50.144438048639756
92,Corso Italia-Davenport,2021,False,73,56.57300045809107
92,Corso Italia-Davenport,2022,False,58,53.82723700117793
92,Corso Italia-Davenport,2023,False,61,51.306300319011555
92,Corso Italia-Davenport,2024,False,65,56.356702396667345
92,Corso Italia-Davenport,2025,False,61,55.06172100399773
94,Wychwood,2014,False,52,35.84239334176687
94,Wychwood,2015,False,37,38.96841071063348
94,Wychwood,2016,False,49,42.919655275356575
94,Wychwood,2017,False,42,46.976349724414526
94,Wychwood,2018,False,52,49.831219737787805
94,Wychwood,2019,False,50,52.003531540460585
94,Wychwood,2020,False,57,55.06090728176399
94,Wychwood,2021,False,72,62.119765503257895
94,Wychwood,2022,False,60,59.10479050299758
94,Wychwood,2023,False,61,56.33668567778606
94,Wychwood,2024,False,77,61.8822602490615
94,Wychwood,2025,False,69,60.460310912941154
95,Annex,2014,False,123,98.49410786355658
95,Annex,2015,False,137,107.08433477660459
95,Annex,2016,False,172,117.9422678571957
95,Annex,2017,False,209,129.08997489855
95,Annex,2018,False,203,136.93509484777937
95,Annex,2019,False,241,142.9045598599387
95,Annex,2020,False,268,151.30616109152973
95,Annex,2021,False,264,170.70374808947156
95,Annex,2022,False,265,162.4186631608509
95,Annex,2023,False,227,154.81197203862865
95,Annex,2024,False,206,170.05108887941464
95,Annex,2025,False,224,166.14360340675395
96,Casa Loma,2014,False,25,31.511445045994087
96,Casa Loma,2015,False,32,34.259735976027365
96,Casa Loma,2016,False,37,37.73353932329059
96,Casa Loma,2017,False,30,41.30005071612542
96,Casa Loma,2018,False,32,43.80995787221477
96,Casa Loma,2019,False,40,45.71978245730794
96,Casa Loma,2020,False,43,48.407725941951604
96,Casa Loma,2021,False,49,54.61364028514551
96,Casa Loma,2022,False,66,51.96297412761973
96,Casa Loma,2023,False,50,49.529348051105494
96,Casa Loma,2024,False,65,54.4048335323603
96,Casa Loma,2025,False,51,53.154702774179874
97,Yonge-St.Clair,2014,False,18,34.35037381191247
97,Yonge-St.Clair,2015,False,30,37.34626373865935
97,Yonge-St.Clair,2016,False,24,41.13302893947435
97,Yonge-St.Clair,2017,False,27,45.020854438098866
97,Yonge-St.Clair,2018,False,26,47.75688412252053
97,Yonge-St.Clair,2019,False,33,49.83876860345684
97,Yonge-St.Clair,2020,False,41,52.76887426341744
97,Yonge-St.Clair,2021,False,44,59.533891774428724
97,Yonge-St.Clair,2022,False,41,56.64442183013713
97,Yonge-St.Clair,2023,False,32,53.991545539485735
97,Yonge-St.Clair,2024,False,40,59.30627320593222
97,Yonge-St.Clair,2025,False,24,57.94351568102067
98,Rosedale-Moore Park,2014,False,71,46.356848049836024
98,Rosedale-Moore Park,2015,False,61,50.399890343019955
98,Rosedale-Moore Park,2016,False,88,55.51024227036086
98,Rosedale-Moore Park,2017,False,85,60.756978066333865
98,Rosedale-Moore Park,2018,False,117,64.44933125687152
98,Rosedale-Moore Park,2019,False,81,67.25889609795652
98,Rosedale-Moore Park,2020,False,114,71.21316057241336
98,Rosedale-Moore Park,2021,False,108,80.34275230639543
98,Rosedale-Moore Park,2022,False,107,76.44332693520363
98,Rosedale-Moore Park,2023,False,136,72.86319171530418
98,Rosedale-Moore Park,2024,False,118,80.03557429864252
98,Rosedale-Moore Park,2025,False,148,78.19649260896406
99,Mount Pleasant East,2014,False,22,35.298488810848696
99,Mount Pleasant East,2015,False,21,38.377069196519365
99,Mount Pleasant East,2016,False,26,42.26835404256447
99,Mount Pleasant East,2017,False,34,46.26348858209422
99,Mount Pleasant East,2018,False,31,49.07503624473466
99,Mount Pleasant East,2019,False,28,51.21438344538507
99,Mount Pleasant East,2020,False,33,54.225363832936345
99,Mount Pleasant East,2021,False,67,61.177104626942345
99,Mount Pleasant East,2022,False,39,58.207881553670006
99,Mount Pleasant East,2023,False,33,55.48178242663083
99,Mount Pleasant East,2024,False,29,60.94320348987738
99,Mount Pleasant East,2025,False,28,59.54283208465237
100,Yonge-Eglinton,2014,False,22,34.76740487920795
100,Yonge-Eglinton,2015,False,30,37.799666438487634
100,Yonge-Eglinton,2016,False,35,41.632404901251405
100,Yonge-Eglinton,2017,False,37,45.56743058541183
100,Yonge-Eglinton,2018,False,38,48.336677066416094
100,Yonge-Eglinton,2019,False,58,50.44383668735015
100,Yonge-Eglinton,2020,False,55,53.40951532527461
100,Yonge-Eglinton,2021,False,47,60.25666360110195
100,Yonge-Eglinton,2022,False,38,57.33211401717137
100,Yonge-Eglinton,2023,False,44,54.64703045457147
100,Yonge-Eglinton,2024,False,66,60.02628162702872
100,Yonge-Eglinton,2025,False,51,58.64697953034067
101,Forest Hill South,2014,False,23,28.006595781643703
101,Forest Hill South,2015,False,20,30.449209030749035
101,Forest Hill South,2016,False,33,33.53663983659492
101,Forest Hill South,2017,False,26,36.706467268626646
101,Forest Hill South,2018,False,22,38.93721089423465
101,Forest Hill South,2019,False,25,40.63461591931301
101,Forest Hill South,2020,False,15,43.02359384617222
101,Forest Hill South,2021,False,18,48.53925757443507
101,Forest Hill South,2022,False,18,46.18341081724725
101,Forest Hill South,2023,False,19,44.020463935277256
101,Forest Hill South,2024,False,26,48.353675278440754
101,Forest Hill South,2025,False,31,47.24258986907745
102,Forest Hill North,2014,False,24,33.71737916549379
102,Forest Hill North,2015,False,24,36.658062057368966
102,Forest Hill North,2016,False,25,40.375046297065886
102,Forest Hill North,2017,False,23,44.19122853671702
102,Forest Hill North,2018,False,32,46.87683978458358
102,Forest Hill North,2019,False,35,48.92036014936465
102,Forest Hill North,2020,False,40,51.796471020029735
102,Forest Hill North,2021,False,46,58.436825553838894
102,Forest Hill North,2022,False,19,55.60060158048605
102,Forest Hill North,2023,False,21,52.99661140964192
102,Forest Hill North,2024,False,44,58.21340144727386
102,Forest Hill North,2025,False,32,56.87575626094579
103,Lawrence Park South,2014,False,8,28.66404937570126
103,Lawrence Park South,2015,False,14,31.164002862514792
103,Lawrence Park South,2016,False,18,34.32391096961976
103,Lawrence Park South,2017,False,23,37.5681499600565
103,Lawrence Park South,2018,False,32,39.851260193356225
103,Lawrence Park South,2019,False,31,41.58851172612902
103,Lawrence Park South,2020,False,42,44.03357080388513
103,Lawrence Park South,2021,False,35,49.67871449358388
103,Lawrence Park South,2022,False,24,47.26756433823808
103,Lawrence Park South,2023,False,16,45.053842374126944
103,Lawrence Park South,2024,False,30,49.488775661420554
103,Lawrence Park South,2025,False,23,48.35160757134206
105,Lawrence Park North,2014,False,27,23.144874578178467
105,Lawrence Park North,2015,False,12,25.163469688213002
105,Lawrence Park North,2016,False,13,27.714947180416583
105,Lawrence Park North,2017,False,26,30.334517903000773
105,Lawrence Park North,2018,False,24,32.17802226294902
105,Lawrence Park North,2019,False,22,33.58077134106289
105,Lawrence Park North,2020,False,20,35.55504179214836
105,Lawrence Park North,2021,False,38,40.113230377485905
105,Lawrence Park North,2022,False,29,38.166339789795906
105,Lawrence Park North,2023,False,30,36.37886320061083
105,Lawrence Park North,2024,False,28,39.95986368493225
105,Lawrence Park North,2025,False,35,39.04165382301773
106,Humewood-Cedarvale,2014,False,42,41.07390410534333
106,Humewood-Cedarvale,2015,False,40,44.65619104740542
106,Humewood-Cedarvale,2016,False,37,49.184154311484576
106,Humewood-Cedarvale,2017,False,41,53.832958792716546
106,Humewood-Cedarvale,2018,False,40,57.104522051464485
106,Humewood-Cedarvale,2019,False,33,59.59390175942924
106,Humewood-Cedarvale,2020,False,51,63.097528228088166
106,Humewood-Cedarvale,2021,False,73,71.18668853940578
106,Humewood-Cedarvale,2022,False,54,67.73165157075576
106,Humewood-Cedarvale,2023,False,54,64.55951763817637
106,Humewood-Cedarvale,2024,False,53,70.91451731628574
106,Humewood-Cedarvale,2025,False,77,69.28502203907152
107,Oakwood Village,2014,False,46,63.1070401571856
107,Oakwood Village,2015,False,49,68.6109612192661
107,Oakwood Village,2016,False,50,75.56784456796474
107,Oakwood Village,2017,False,69,82.71039158096812
107,Oakwood Village,2018,False,59,87.73690850073959
107,Oakwood Village,2019,False,56,91.56165778179412
107,Oakwood Village,2020,False,65,96.94472279763414
107,Oakwood Village,2021,False,102,109.37312413233511
107,Oakwood Village,2022,False,83,104.0647133183558
107,Oakwood Village,2023,False,57,99.19096226333446
107,Oakwood Village,2024,False,93,108.95495301660638
107,Oakwood Village,2025,False,92,106.45135307559846
108,Briar Hill-Belgravia,2014,False,35,39.95525804799654
108,Briar Hill-Belgravia,2015,False,26,43.439981555286394
108,Briar Hill-Belgravia,2016,False,36,47.84462592958623
108,Briar Hill-Belgravia,2017,False,59,52.366820415552866
108,Briar Hill-Belgravia,2018,False,53,55.54928278602452
108,Briar Hill-Belgravia,2019,False,63,57.97086434194583
108,Briar Hill-Belgravia,2020,False,52,61.37906969052985
108,Briar Hill-Belgravia,2021,False,56,69.24792205969777
108,Briar Hill-Belgravia,2022,False,38,65.88698287812579
108,Briar Hill-Belgravia,2023,False,47,62.80124188029043
108,Briar Hill-Belgravia,2024,False,74,68.98316340843567
108,Briar Hill-Belgravia,2025,False,58,67.39804736682188
109,Caledonia-Fairbank,2014,False,20,26.721080638008512
109,Caledonia-Fairbank,2015,False,31,29.051576857745108
109,Caledonia-Fairbank,2016,False,29,31.9972932229362
109,Caledonia-Fairbank,2017,False,29,35.02162417269792
109,Caledonia-Fairbank,2018,False,26,37.149975678440846
109,Caledonia-Fairbank,2019,False,31,38.76946906150341
109,Caledonia-Fairbank,2020,False,32,41.04879184402695
109,Caledonia-Fairbank,2021,False,42,46.31128416562675
109,Caledonia-Fairbank,2022,False,40,44.06357181742104
109,Caledonia-Fairbank,2023,False,30,41.99990515477257
109,Caledonia-Fairbank,2024,False,41,46.134220179167535
109,Caledonia-Fairbank,2025,False,58,45.0741340819214
110,Keelesdale-Eglinton West,2014,False,41,31.8282028042677
110,Keelesdale-Eglinton West,2015,False,30,34.60411996574833
110,Keelesdale-Eglinton West,2016,False,35,38.11284250378038
110,Keelesdale-Eglinton West,2017,False,31,41.71520500252301
110,Keelesdale-Eglinton West,2018,False,31,44.25034212071267
110,Keelesdale-Eglinton West,2019,False,43,46.17936454815767
110,Keelesdale-Eglinton West,2020,False,35,48.89432764270241
110,Keelesdale-Eglinton West,2021,False,43,55.16262476499511
110,Keelesdale-Eglinton West,2022,False,34,52.48531371483543
110,Keelesdale-Eglinton West,2023,False,26,50.02722446504089
110,Keelesdale-Eglinton West,2024,False,52,54.95171905550296
110,Keelesdale-Eglinton West,2025,False,49,53.68902179597891
111,Rockcliffe-Smythe,2014,False,66,74.01311210199972
111,Rockcliffe-Smythe,2015,False,68,80.46821323736707
111,Rockcliffe-Smythe,2016,False,106,88.62737560475531
111,Rockcliffe-Smythe,2017,False,109,97.00428777573485
111,Rockcliffe-Smythe,2018,False,106,102.8994804410699
111,Rockcliffe-Smythe,2019,False,77,107.38521763609027
111,Rockcliffe-Smythe,2020,False,80,113.698576549412
111,Rockcliffe-Smythe,2021,False,98,128.2748371210168
111,Rockcliffe-Smythe,2022,False,81,122.04903404611564
111,Rockcliffe-Smythe,2023,False,95,116.33300803231342
111,Rockcliffe-Smythe,2024,False,96,127.78439824780774
111,Rockcliffe-Smythe,2025,False,85,124.84812960597571
112,Beechborough-Greenbrook,2014,False,35,26.503709245005528
112,Beechborough-Greenbrook,2015,False,43,28.815247279010975
112,Beechborough-Greenbrook,2016,False,30,31.73700074845067
112,Beechborough-Greenbrook,2017,False,63,34.73672928634299
112,Beechborough-Greenbrook,2018,False,59,36.84776701881938
112,Beechborough-Greenbrook,2019,False,25,38.45408610188246
112,Beechborough-Greenbrook,2020,False,36,40.71486698578099
112,Beechborough-Greenbrook,2021,False,51,45.93454983787953
112,Beechborough-Greenbrook,2022,False,57,43.70512224285497
112,Beechborough-Greenbrook,2023,False,43,41.658243153405
112,Beechborough-Greenbrook,2024,False,41,45.75892623648216
112,Beechborough-Greenbrook,2025,False,45,44.7074637572245
113,Weston,2014,False,82,78.33777951906674
113,Weston,2015,False,84,85.17005930239478
113,Weston,2016,False,84,93.80597048683273
113,Weston,2017,False,92,102.67235483500633
113,Weston,2018,False,96,108.91201008153867
113,Weston,2019,False,78,113.65985382684303
113,Weston,2020,False,99,120.34210923443806
113,Weston,2021,False,108,135.7700767180537
113,Weston,2022,False,132,129.18049313266673
113,Weston,2023,False,153,123.1304734418668
113,Weston,2024,False,161,135.25098096291126
113,Weston,2025,False,139,132.14314291989547
114,Lambton Baby Point,2014,False,13,27.107174923652682
114,Lambton Baby Point,2015,False,9,29.471344604629305
114,Lambton Baby Point,2016,False,15,32.459623778979804
114,Lambton Baby Point,2017,False,23,35.52765344412727
114,Lambton Baby Point,2018,False,29,37.68675761161101
114,Lambton Baby Point,2019,False,26,39.32965113890088
114,Lambton Baby Point,2020,False,16,41.64190797500529
114,Lambton Baby Point,2021,False,23,46.98043832220522
114,Lambton Baby Point,2022,False,10,44.70024866123021
114,Lambton Baby Point,2023,False,19,42.60676397150729
114,Lambton Baby Point,2024,False,27,46.80081592898501
114,Lambton Baby Point,2025,False,21,45.725412592515575
115,Mount Dennis,2014,False,45,42.24048470614447
115,Mount Dennis,2015,False,57,45.92451572499056
115,Mount Dennis,2016,False,52,50.58108215499886
115,Mount Dennis,2017,False,64,55.3619219331632
115,Mount Dennis,2018,False,48,58.72640409784618
115,Mount Dennis,2019,False,55,61.28648714260335
115,Mount Dennis,2020,False,54,64.88962357409193
115,Mount Dennis,2021,False,49,73.20853213314734
115,Mount Dennis,2022,False,56,69.6553652401459
115,Mount Dennis,2023,False,56,66.39313639232782
115,Mount Dennis,2024,False,80,72.92863070575518
115,Mount Dennis,2025,False,62,71.25285452048264
116,Steeles,2014,False,28,36.70387021637933
116,Steeles,2015,False,21,39.90502184448016
116,Steeles,2016,False,28,43.9512351180724
116,Steeles,2017,False,19,48.10543277853447
116,Steeles,2018,False,20,51.02891998700113
116,Steeles,2019,False,25,53.253443603896415
116,Steeles,2020,False,25,56.38430379343461
116,Steeles,2021,False,20,63.61282264726968
116,Steeles,2022,False,35,60.52538230644205
116,Steeles,2023,False,39,57.69074569941884
116,Steeles,2024,False,29,63.369608921483845
116,Steeles,2025,False,29,61.91348283666657
118,Tam O'Shanter-Sullivan,2014,False,58,57.65433939037079
118,Tam O'Shanter-Sullivan,2015,False,58,62.68269965097901
118,Tam O'Shanter-Sullivan,2016,False,51,69.03848044320202
118,Tam O'Shanter-Sullivan,2017,False,51,75.56388281627609
118,Tam O'Shanter-Sullivan,2018,False,60,80.1560885626099
118,Tam O'Shanter-Sullivan,2019,False,64,83.65036420259784
118,Tam O'Shanter-Sullivan,2020,False,58,88.56831086291714
118,Tam O'Shanter-Sullivan,2021,False,58,99.92284859509127
118,Tam O'Shanter-Sullivan,2022,False,71,95.07310571489323
118,Tam O'Shanter-Sullivan,2023,False,85,90.62046625136456
118,Tam O'Shanter-Sullivan,2024,False,62,99.54080913690368
118,Tam O'Shanter-Sullivan,2025,False,82,97.2535302479389
119,Wexford/Maryvale,2014,False,66,54.67480584382628
119,Wexford/Maryvale,2015,False,61,59.443304171421076
119,Wexford/Maryvale,2016,False,86,65.47062292097482
119,Wexford/Maryvale,2017,False,101,71.65879733374508
119,Wexford/Maryvale,2018,False,96,76.0136812892386
119,Wexford/Maryvale,2019,False,102,79.32737535288199
119,Wexford/Maryvale,2020,False,103,83.99116617325102
119,Wexford/Maryvale,2021,False,98,94.75890980742237
119,Wexford/Maryvale,2022,False,174,90.15979804634671
119,Wexford/Maryvale,2023,False,143,85.9372676915604
119,Wexford/Maryvale,2024,False,128,94.39661386540043
119,Wexford/Maryvale,2025,False,88,92.22753985488947
120,Clairlea-Birchmount,2014,False,42,57.85385882363779
120,Clairlea-Birchmount,2015,False,76,62.8996202998365
120,Clairlea-Birchmount,2016,False,72,69.27739599816798
120,Clairlea-Birchmount,2017,False,84,75.82538027222432
120,Clairlea-Birchmount,2018,False,103,80.43347787158501
120,Clairlea-Birchmount,2019,False,149,83.93984585193694
120,Clairlea-Birchmount,2020,False,118,88.87481162895898
120,Clairlea-Birchmount,2021,False,102,100.26864303715622
120,Clairlea-Birchmount,2022,False,121,95.4021170672346
120,Clairlea-Birchmount,2023,False,101,90.93406873575768
120,Clairlea-Birchmount,2024,False,117,99.88528148774377
120,Clairlea-Birchmount,2025,False,97,97.59008720867176
121,Oakridge,2014,False,47,77.03742015474516
121,Oakridge,2015,False,56,83.7562882604579
121,Oakridge,2016,False,44,92.24884858599897
121,Oakridge,2017,False,71,100.96805636131585
121,Oakridge,2018,False,49,107.10413713612111
121,Oakridge,2019,False,70,111.7731695708107
121,Oakridge,2020,False,87,118.34450361393252
121,Oakridge,2021,False,123,133.51637624634185
121,Oakridge,2022,False,98,127.03617572969708
121,Oakridge,2023,False,96,121.08658267605169
121,Oakridge,2024,False,143,133.00589716415493
121,Oakridge,2025,False,106,129.94964733728264
122,Birchcliffe-Cliffside,2014,False,44,60.62811086973037
122,Birchcliffe-Cliffside,2015,False,64,65.91583052095957
122,Birchcliffe-Cliffside,2016,False,54,72.59943814892169
122,Birchcliffe-Cliffside,2017,False,67,79.46141632311638
122,Birchcliffe-Cliffside,2018,False,87,84.2904849078799
122,Birchcliffe-Cliffside,2019,False,83,87.96499290069848
122,Birchcliffe-Cliffside,2020,False,81,93.13660389348797
122,Birchcliffe-Cliffside,2021,False,84,105.07680093294559
122,Birchcliffe-Cliffside,2022,False,76,99.9769116247101
122,Birchcliffe-Cliffside,2023,False,96,95.29460805637125
122,Birchcliffe-Cliffside,2024,False,98,104.67505614022869
122,Birchcliffe-Cliffside,2025,False,99,102.2698009671323
123,Cliffcrest,2014,False,29,47.19650309406417
123,Cliffcrest,2015,False,30,51.31277644152189
123,Cliffcrest,2016,False,39,56.515691451861024
123,Cliffcrest,2017,False,48,61.85746063259057
123,Cliffcrest,2018,False,56,65.61669289519486
123,Cliffcrest,2019,False,38,68.47714698760184
123,Cliffcrest,2020,False,52,72.5030344962352
123,Cliffcrest,2021,False,57,81.79798923641088
123,Cliffcrest,2022,False,59,77.82793412397801
123,Cliffcrest,2023,False,59,74.18295242027156
123,Cliffcrest,2024,False,62,81.4852473567698
123,Cliffcrest,2025,False,68,79.61285464008145
124,Kennedy Park,2014,False,63,54.238258648498594
124,Kennedy Park,2015,False,77,58.968683231912536
124,Kennedy Park,2016,False,66,64.94787727293082
124,Kennedy Park,2017,False,73,71.08664263627882
124,Kennedy Park,2018,False,79,75.40675532285952
124,Kennedy Park,2019,False,83,78.69399142607071
124,Kennedy Park,2020,False,88,83.3205445320884
124,Kennedy Park,2021,False,130,94.00231386400193
124,Kennedy Park,2022,False,109,89.43992339181438
124,Kennedy Park,2023,False,100,85.25110753779532
124,Kennedy Park,2024,False,104,93.64291064880229
124,Kennedy Park,2025,False,123,91.49115545929367
125,Ionview,2014,False,36,36.34797063723173
125,Ionview,2015,False,52,39.5180822548238
125,Ionview,2016,False,40,43.525061366113164
125,Ionview,2017,False,51,47.63897779218937
125,Ionview,2018,False,33,50.534117366986855
125,Ionview,2019,False,46,52.73707086023057
125,Ionview,2020,False,49,55.83757262115462
125,Ionview,2021,False,72,62.996000043138665
125,Ionview,2022,False,66,59.938497109768775
125,Ionview,2023,False,51,57.131346595343665
125,Ionview,2024,False,65,62.755144642568666
125,Ionview,2025,False,72,61.313137904232214
126,Dorset Park,2014,False,60,46.06861412111866
126,Dorset Park,2015,False,78,50.08651790698039
126,Dorset Park,2016,False,57,55.165095093908356
126,Dorset Park,2017,False,82,60.37920815267995
126,Dorset Park,2018,False,82,64.04860332275051
126,Dorset Park,2019,False,82,66.84069907466741
126,Dorset Park,2020,False,93,70.7703770374737
126,Dorset Park,2021,False,79,79.84320352093134
126,Dorset Park,2022,False,97,75.96802368716845
126,Dorset Park,2023,False,70,72.4101487477493
126,Dorset Park,2024,False,133,79.53793546020276
126,Dorset Park,2025,False,153,77.7102886666173
128,Agincourt South-Malvern West,2014,False,45,44.88894601609658
128,Agincourt South-Malvern West,2015,False,46,48.803964290083194
128,Agincourt South-Malvern West,2016,False,44,53.75249555223989
128,Agincourt South-Malvern West,2017,False,55,58.83309205122871
128,Agincourt South-Malvern West,2018,False,41,62.408525887114706
128,Agincourt South-Malvern West,2019,False,44,65.12912510353686
128,Agincourt South-Malvern West,2020,False,66,68.95817673225064
128,Agincourt South-Malvern West,2021,False,85,77.79867749397513
128,Agincourt South-Malvern West,2022,False,83,74.02272847360506
128,Agincourt South-Malvern West,2023,False,85,70.5559591962024
128,Agincourt South-Malvern West,2024,False,67,77.50122636027147
128,Agincourt South-Malvern West,2025,False,63,75.72037968582939
129,Agincourt North,2014,False,31,43.10499540702461
129,Agincourt North,2015,False,34,46.86442528221251
129,Agincourt North,2016,False,47,51.616294868330506
129,Agincourt North,2017,False,29,56.49498123078883
129,Agincourt North,2018,False,29,59.928322236806686
129,Agincourt North,2019,False,43,62.54080096789964
129,Agincourt North,2020,False,36,66.21768063466173
129,Agincourt North,2021,False,65,74.70684731265159
129,Agincourt North,2022,False,66,71.08095988099198
129,Agincourt North,2023,False,44,67.75196494923149
129,Agincourt North,2024,False,46,74.42121731038971
129,Agincourt North,2025,False,62,72.71114401762595
130,Milliken,2014,False,14,37.90196987633018
130,Milliken,2015,False,22,41.207614536213995
130,Milliken,2016,False,23,45.38590561845698
130,Milliken,2017,False,26,49.67570594901965
130,Milliken,2018,False,33,52.69462257704581
130,Milliken,2019,False,25,54.99175981678907
130,Milliken,2020,False,40,58.22481856212881
130,Milliken,2021,False,33,65.6892930775786
130,Milliken,2022,False,33,62.5010715057621
130,Milliken,2023,False,28,59.57390576938715
130,Milliken,2024,False,44,65.43814029031391
130,Milliken,2025,False,47,63.93448286461131
133,Centennial Scarborough,2014,False,22,18.43276653320965
133,Centennial Scarborough,2015,False,19,20.04039211193826
133,Centennial Scarborough,2016,False,21,22.072409557946354
133,Centennial Scarborough,2017,False,25,24.158657006966916
133,Centennial Scarborough,2018,False,17,25.62683888693781
133,Centennial Scarborough,2019,False,18,26.743999672329394
133,Centennial Scarborough,2020,False,38,28.31632473183019
133,Centennial Scarborough,2021,False,20,31.94650322876118
133,Centennial Scarborough,2022,False,35,30.395983715364128
133,Centennial Scarborough,2023,False,22,28.972422808143197
133,Centennial Scarborough,2024,False,49,31.82436074627491
133,Centennial Scarborough,2025,False,34,31.093090937229654
134,Highland Creek,2014,False,22,16.933348031453335
134,Highland Creek,2015,False,19,18.410200861972964
134,Highland Creek,2016,False,31,20.276923285720212
134,Highland Creek,2017,False,38,22.193464357856556
134,Highland Creek,2018,False,30,23.542216575936735
134,Highland Creek,2019,False,37,24.56850160765158
134,Highland Creek,2020,False,29,26.012925449462504
134,Highland Creek,2021,False,25,29.347806070560832
134,Highland Creek,2022,False,33,27.923413996663083
134,Highland Creek,2023,False,48,26.615653045939073
134,Highland Creek,2024,False,59,29.23559930216069
134,Highland Creek,2025,False,42,28.56381483838267
135,Morningside,2014,False,71,37.610584358133686
135,Morningside,2015,False,73,40.89081564279356
135,Morningside,2016,False,80,45.03698455523514
135,Morningside,2017,False,94,49.29380544709426
135,Morningside,2018,False,86,52.28951302849514
135,Morningside,2019,False,89,54.56899016964313
135,Morningside,2020,False,72,57.777193571027226
135,Morningside,2021,False,85,65.18428215688432
135,Morningside,2022,False,63,62.02057122654268
135,Morningside,2023,False,81,59.115909167621005
135,Morningside,2024,False,99,64.93506020026783
135,Morningside,2025,False,72,63.44296270138719
136,West Hill,2014,False,75,93.0413320280921
136,West Hill,2015,False,121,101.15599159250732
136,West Hill,2016,False,158,111.41281384109865
136,West Hill,2017,False,137,121.94336774614412
136,West Hill,2018,False,159,129.3541705426689
136,West Hill,2019,False,142,134.99315736405114
136,West Hill,2020,False,137,142.9296338367247
136,West Hill,2021,False,203,161.25334244799976
136,West Hill,2022,False,188,153.4269317677528
136,West Hill,2023,False,191,146.24135803456824
136,West Hill,2024,False,252,160.6368153929174
136,West Hill,2025,False,184,156.94565395044393
138,Eglinton East,2014,False,42,53.649492181740776
138,Eglinton East,2015,False,58,58.328567119394684
138,Eglinton East,2016,False,59,64.24285588805893
138,Eglinton East,2017,False,50,70.31498380243099
138,Eglinton East,2018,False,73,74.58820085582114
138,Eglinton East,2019,False,73,77.83975339480824
138,Eglinton East,2020,False,84,82.4160843994279
138,Eglinton East,2021,False,86,92.98190112251912
138,Eglinton East,2022,False,73,88.46903625430951
138,Eglinton East,2023,False,84,84.32569078174672
138,Eglinton East,2024,False,90,92.62639929660487
138,Eglinton East,2025,False,104,90.49800181311092
139,Scarborough Village,2014,False,48,55.92283163128956
139,Scarborough Village,2015,False,62,60.8001773299626
139,Scarborough Village,2016,False,41,66.96507771538329
139,Scarborough Village,2017,False,53,73.29450551031499
139,Scarborough Village,2018,False,73,77.74879553399624
139,Scarborough Village,2019,False,58,81.13812910983118
139,Scarborough Village,2020,False,72,85.90837721196506
139,Scarborough Village,2021,False,63,96.92190903908629
139,Scarborough Village,2022,False,74,92.21781638253846
139,Scarborough Village,2023,False,82,87.89890110804765
139,Scarborough Village,2024,False,62,96.55134320618201
139,Scarborough Village,2025,False,61,94.33275717165469
140,Guildwood,2014,False,16,18.512562840014585
140,Guildwood,2015,False,21,20.12714790492106
140,Guildwood,2016,False,16,22.16796204931205
140,Guildwood,2017,False,19,24.263240960930087
140,Guildwood,2018,False,21,25.737778668797382
140,Guildwood,2019,False,21,26.859775695380485
140,Guildwood,2020,False,22,28.438907423463526
140,Guildwood,2021,False,36,32.08480113257254
140,Guildwood,2022,False,26,30.527569347820307
140,Guildwood,2023,False,30,29.09784577897699
140,Guildwood,2024,False,19,31.9621298895777
140,Guildwood,2025,False,25,31.22769437939178
141,Golfdale-Cedarbrae-Woburn,2014,False,45,78.05125337370637
141,Golfdale-Cedarbrae-Woburn,2015,False,51,84.85854359513517
141,Golfdale-Cedarbrae-Woburn,2016,False,54,93.46286830420273
141,Golfdale-Cedarbrae-Woburn,2017,False,57,102.29682320459057
141,Golfdale-Cedarbrae-Woburn,2018,False,53,108.5136564567144
141,Golfdale-Cedarbrae-Woburn,2019,False,66,113.24413461704208
141,Golfdale-Cedarbrae-Woburn,2020,False,84,119.90194918784026
141,Golfdale-Cedarbrae-Woburn,2021,False,75,135.2734877545149
141,Golfdale-Cedarbrae-Woburn,2022,False,95,128.70800605197232
141,Golfdale-Cedarbrae-Woburn,2023,False,71,122.68011474969697
141,Golfdale-Cedarbrae-Woburn,2024,False,104,134.75629062997834
141,Golfdale-Cedarbrae-Woburn,2025,False,93,131.65981973140214
142,Woburn North,2014,False,54,63.196679190603845
142,Woburn North,2015,False,60,68.70841817858907
142,Woburn North,2016,False,77,75.67518328211922
142,Woburn North,2017,False,76,82.82787577189984
142,Woburn North,2018,False,102,87.8615324991638
142,Woburn North,2019,False,79,91.69171456280127
142,Woburn North,2020,False,103,97.08242583718295
142,Woburn North,2021,False,89,109.52848082637013
142,Woburn North,2022,False,97,104.21252979479905
142,Woburn North,2023,False,102,99.33185592526131
142,Woburn North,2024,False,90,109.10971572850359
142,Woburn North,2025,False,115,106.6025596029842
143,West Rouge,2014,False,43,31.35434768723098
143,West Rouge,2015,False,28,34.08893727016353
143,West Rouge,2016,False,41,37.54542229610188
143,West Rouge,2017,False,42,41.09415318033118
143,West Rouge,2018,False,44,43.59154742930415
143,West Rouge,2019,False,40,45.49185076275114
143,West Rouge,2020,False,39,48.16639375683255
143,West Rouge,2021,False,64,54.34136909514734
143,West Rouge,2022,False,48,51.703917585559864
143,West Rouge,2023,False,41,49.28242412398218
143,West Rouge,2024,False,64,54.13360332887687
143,West Rouge,2025,False,62,52.889704980537815
144,Morningside Heights,2014,False,36,31.47963717770445
144,Morningside Heights,2015,False,41,34.225153964064006
144,Morningside Heights,2016,False,45,37.69545083045425
144,Morningside Heights,2017,False,50,41.25836216228041
144,Morningside Heights,2018,False,47,43.76573580090889
144,Morningside Heights,2019,False,49,45.67363259599532
144,Morningside Heights,2020,False,50,48.35886285208965
144,Morningside Heights,2021,False,51,54.55851290287307
144,Morningside Heights,2022,False,51,51.91052234590751
144,Morningside Heights,2023,False,68,49.47935278821033
144,Morningside Heights,2024,False,53,54.34991692105312
144,Morningside Heights,2025,False,74,53.10104805341578
145,Malvern West,2014,False,27,29.25338345849617
145,Malvern West,2015,False,44,31.804736096067167
145,Malvern West,2016,False,38,35.029612049187485
145,Malvern West,2017,False,36,38.340552732212615
145,Malvern West,2018,False,49,40.67060380969052
145,Malvern West,2019,False,55,42.443573308380564
145,Malvern West,2020,False,39,44.93890290549289
145,Malvern West,2021,False,46,50.70011099122336
145,Malvern West,2022,False,32,48.239387485418355
145,Malvern West,2023,False,37,45.9801513029153
145,Malvern West,2024,False,54,50.506267008535964
145,Malvern West,2025,False,52,49.345718693822604
146,Malvern East,2014,False,46,57.56907901566138
146,Malvern East,2015,False,77,62.590003237898046
146,Malvern East,2016,False,66,68.93638497607506
146,Malvern East,2017,False,62,75.45213745536248
146,Malvern East,2018,False,68,80.03755215722643
146,Malvern East,2019,False,74,83.52666039344999
146,Malvern East,2020,False,69,88.4373342972085
146,Malvern East,2021,False,107,99.77508071493979
146,Malvern East,2022,False,96,94.93250973020673
146,Malvern East,2023,False,92,90.48645491777494
146,Malvern East,2024,False,90,99.39360622424125
146,Malvern East,2025,False,102,97.10970980842941
147,L'Amoreaux West,2014,False,23,49.38448292423817
147,L'Amoreaux West,2015,False,40,53.691582338656204
147,L'Amoreaux West,2016,False,30,59.13569897103168
147,L'Amoreaux West,2017,False,53,64.72510690587798
147,L'Amoreaux West,2018,False,39,68.65861318940131
147,L'Amoreaux West,2019,False,72,71.6516748999373
147,L'Amoreaux West,2020,False,44,75.8641982838999
147,L'Amoreaux West,2021,False,53,85.59005726825977
147,L'Amoreaux West,2022,False,47,81.4359546111737
147,L'Amoreaux West,2023,False,46,77.62199542129267
147,L'Amoreaux West,2024,False,52,85.26281700675048
147,L'Amoreaux West,2025,False,46,83.3036221494434
148,East L'Amoreaux,2014,False,33,39.040770724295676
148,East L'Amoreaux,2015,False,24,42.44573663196771
148,East L'Amoreaux,2016,False,33,46.74956845636813
148,East L'Amoreaux,2017,False,55,51.168259930847306
148,East L'Amoreaux,2018,False,42,54.27788278937149
148,East L'Amoreaux,2019,False,59,56.64403970922769
148,East L'Amoreaux,2020,False,60,59.974238789297424
148,East L'Amoreaux,2021,False,64,67.6629905635691
148,East L'Amoreaux,2022,False,58,64.37897583268105
148,East L'Amoreaux,2023,False,56,61.36386060888911
148,East L'Amoreaux,2024,False,58,67.40429165118113
148,East L'Amoreaux,2025,False,80,65.85545540345352
149,Parkwoods-O'Connor Hills,2014,False,18,28.492750399777787
149,Parkwoods-O'Connor Hills,2015,False,17,30.97776393632349
149,Parkwoods-O'Connor Hills,2016,False,26,34.11878814409991
149,Parkwoods-O'Connor Hills,2017,False,37,37.343639266150404
149,Parkwoods-O'Connor Hills,2018,False,44,39.61310542426175
149,Parkwoods-O'Connor Hills,2019,False,34,41.339974983274175
149,Parkwoods-O'Connor Hills,2020,False,35,43.77042216476251
149,Parkwoods-O'Connor Hills,2021,False,35,49.38182996040416
149,Parkwoods-O'Connor Hills,2022,False,42,46.98508905851013
149,Parkwoods-O'Connor Hills,2023,False,57,44.78459649895594
149,Parkwoods-O'Connor Hills,2024,False,42,49.19302622004211
149,Parkwoods-O'Connor Hills,2025,False,48,48.06265395028649
150,Fenside-Parkwoods,2014,False,39,49.55821913050202
150,Fenside-Parkwoods,2015,False,41,53.88047105979826
150,Fenside-Parkwoods,2016,False,39,59.34374027035538
150,Fenside-Parkwoods,2017,False,71,64.95281192287898
150,Fenside-Parkwoods,2018,False,54,68.90015640857726
150,Fenside-Parkwoods,2019,False,59,71.90374780690006
150,Fenside-Parkwoods,2020,False,68,76.1310909842105
150,Fenside-Parkwoods,2021,False,62,85.89116585466545
150,Fenside-Parkwoods,2022,False,79,81.72244893023586
150,Fenside-Parkwoods,2023,False,76,77.89507210871722
150,Fenside-Parkwoods,2024,False,60,85.56277435134479
150,Fenside-Parkwoods,2025,False,82,83.59668698323915
151,Yonge-Doris,2014,False,28,48.06976817227533
151,Yonge-Doris,2015,False,36,52.262203894719654
151,Yonge-Doris,2016,False,33,57.56138713862631
151,Yonge-Doris,2017,False,30,63.00199373686747
151,Yonge-Doris,2018,False,45,66.83078213267244
151,Yonge-Doris,2019,False,43,69.74416249086116
151,Yonge-Doris,2020,False,49,73.844539987939
151,Yonge-Doris,2021,False,65,83.31147694811033
151,Yonge-Doris,2022,False,55,79.26796490007881
151,Yonge-Doris,2023,False,57,75.55554101265335
151,Yonge-Doris,2024,False,58,82.99294848378435
151,Yonge-Doris,2025,False,43,81.08591135352742
152,East Willowdale,2014,False,23,27.543272954336675
152,East Willowdale,2015,False,21,29.945477205311114
152,East Willowdale,2016,False,25,32.98183157254832
152,East Willowdale,2017,False,18,36.099219450007446
152,East Willowdale,2018,False,42,38.29305911014703
152,East Willowdale,2019,False,43,39.962383375198854
152,East Willowdale,2020,False,47,42.31183961166501
152,East Willowdale,2021,False,60,47.73625580192006
152,East Willowdale,2022,False,26,45.419382634694855
152,East Willowdale,2023,False,24,43.29221813314991
152,East Willowdale,2024,False,27,47.55374365821232
152,East Willowdale,2025,False,28,46.46103932012449
153,Avondale,2014,False,18,26.86550388610422
153,Avondale,2015,False,9,29.20859607223487
153,Avondale,2016,False,13,32.1702335721732
153,Avondale,2017,False,14,35.2109105561765
153,Avondale,2018,False,21,37.35076546785248
153,Avondale,2019,False,22,38.97901195853894
153,Avondale,2020,False,22,41.27065412305792
153,Avondale,2021,False,23,46.56158938992855
153,Avondale,2022,False,40,44.30172850916495
153,Avondale,2023,False,52,42.22690805201079
153,Avondale,2024,False,45,46.38356840040529
153,Avondale,2025,False,38,45.317752704139586
154,Oakdale-Beverley Heights,2014,False,69,58.9188253869986
154,Oakdale-Beverley Heights,2015,False,67,64.05746860640525
154,Oakdale-Beverley Heights,2016,False,69,70.5526455983659
154,Oakdale-Beverley Heights,2017,False,116,77.22116434412523
154,Oakdale-Beverley Heights,2018,False,101,81.91408722504539
154,Oakdale-Beverley Heights,2019,False,119,85.48499998657262
154,Oakdale-Beverley Heights,2020,False,108,90.51080799349465
154,Oakdale-Beverley Heights,2021,False,164,102.11437561851521
154,Oakdale-Beverley Heights,2022,False,141,97.15826725006254
154,Oakdale-Beverley Heights,2023,False,158,92.60797164635086
154,Oakdale-Beverley Heights,2024,False,161,101.72395719787396
154,Oakdale-Beverley Heights,2025,False,151,99.38651327092497
155,Downsview,2014,False,43,34.99229516544746
155,Downsview,2015,False,28,38.04417067556381
155,Downsview,2016,False,48,41.901700912489844
155,Downsview,2017,False,44,45.86218000784227
155,Downsview,2018,False,54,48.64933914686476
155,Downsview,2019,False,49,50.77012876785056
155,Downsview,2020,False,49,53.754990670102465
155,Downsview,2021,False,118,60.646429198280394
155,Downsview,2022,False,93,57.702962390147
155,Downsview,2023,False,87,55.000510570897816
155,Downsview,2024,False,90,60.414557016115026
155,Downsview,2025,False,91,59.02633300982767
156,Bendale-Glen Andrew,2014,False,43,47.784588074814344
156,Bendale-Glen Andrew,2015,False,43,51.95215163179203
156,Bendale-Glen Andrew,2016,False,59,57.21989678786467
156,Bendale-Glen Andrew,2017,False,53,62.62822628598809
156,Bendale-Glen Andrew,2018,False,59,66.4342999009778
156,Bendale-Glen Andrew,2019,False,55,69.33039625456074
156,Bendale-Glen Andrew,2020,False,51,73.40644773346322
156,Bendale-Glen Andrew,2021,False,80,82.81722086951778
156,Bendale-Glen Andrew,2022,False,57,78.7976974780534
156,Bendale-Glen Andrew,2023,False,63,75.10729802399398
156,Bendale-Glen Andrew,2024,False,82,82.50058211637533
156,Bendale-Glen Andrew,2025,False,76,80.60485872977357
157,Bendale South,2014,False,25,18.048783259514902
157,Bendale South,2015,False,19,19.62291949026726
157,Bendale South,2016,False,21,21.612606843843636
157,Bendale South,2017,False,18,23.65539450489537
157,Bendale South,2018,False,28,25.09299186660444
157,Bendale South,2019,False,33,26.186880450569024
157,Bendale South,2020,False,19,27.726451526961984
157,Bendale South,2021,False,28,31.2810077443596
157,Bendale South,2022,False,22,29.76278797053822
157,Bendale South,2023,False,40,28.3688820571281
157,Bendale South,2024,False,49,31.16140968027071
157,Bendale South,2025,False,19,30.445373361799213
158,Islington,2014,False,48,46.85686908489238
158,Islington,2015,False,60,50.94352103397959
158,Islington,2016,False,66,56.10899498897571
158,Islington,2017,False,48,61.41232389629548
158,Islington,2018,False,43,65.14450408849083
158,Islington,2019,False,59,67.98437387003224
158,Islington,2020,False,67,71.98129041206018
158,Islington,2021,False,66,81.20935708772852
158,Islington,2022,False,54,77.26787116254626
158,Islington,2023,False,81,73.64911936292657
158,Islington,2024,False,94,80.89886575148483
158,Islington,2025,False,85,79.03994708908913
159,Etobicoke City Centre,2014,False,82,66.32514222718628
159,Etobicoke City Centre,2015,False,91,72.10973212936582
159,Etobicoke City Centre,2016,False,84,79.42137717579948
159,Etobicoke City Centre,2017,False,73,86.9281536831727
159,Etobicoke City Centre,2018,False,83,92.21099453232057
159,Etobicoke City Centre,2019,False,81,96.23078439122415
159,Etobicoke City Centre,2020,False,101,101.88835527245206
159,Etobicoke City Centre,2021,False,75,114.95053477140198
159,Etobicoke City Centre,2022,False,110,109.37142503403257
159,Etobicoke City Centre,2023,False,160,104.24914024458539
159,Etobicoke City Centre,2024,False,122,114.51103929424234
159,Etobicoke City Centre,2025,False,170,111.87976991837364
160,Mimico-Queensway,2014,False,56,50.74488294979631
160,Mimico-Queensway,2015,False,47,55.17063052668361
160,Mimico-Queensway,2016,False,42,60.764716865478555
160,Mimico-Queensway,2017,False,55,66.50809686294795
160,Mimico-Queensway,2018,False,59,70.5499598960366
160,Mimico-Queensway,2019,False,53,73.62547182142572
160,Mimico-Queensway,2020,False,54,77.95403807107951
160,Mimico-Queensway,2021,False,61,87.94781641041564
160,Mimico-Queensway,2022,False,71,83.6792802101143
160,Mimico-Queensway,2023,False,67,79.76025744819287
160,Mimico-Queensway,2024,False,81,87.61156162382154
160,Mimico-Queensway,2025,False,67,85.59839660066211
161,Humber Bay Shores,2014,False,25,63.383466695351565
161,Humber Bay Shores,2015,False,29,68.91149647559948
161,Humber Bay Shores,2016,False,37,75.89885292485411
161,Humber Bay Shores,2017,False,27,83.07268629734415
161,Humber Bay Shores,2018,False,40,88.12122077122208
161,Humber Bay Shores,2019,False,56,91.96272352701551
161,Humber Bay Shores,2020,False,52,97.36936787763877
161,Humber Bay Shores,2021,False,68,109.85220909650062
161,Humber Bay Shores,2022,False,76,104.52054595408345
161,Humber Bay Shores,2023,False,70,99.6254465022959
161,Humber Bay Shores,2024,False,75,109.43220627398293
161,Humber Bay Shores,2025,False,70,106.91763986294384
162,West Queen West,2014,False,109,37.18130367326434
162,West Queen West,2015,False,145,40.424094967122684
162,West Queen West,2016,False,188,44.5229402269092
162,West Queen West,2017,False,178,48.73117450361707
162,West Queen West,2018,False,217,51.69268959840386
162,West Queen West,2019,False,195,53.946149182925325
162,West Queen West,2020,False,197,57.117734707271616
162,West Queen West,2021,False,252,64.44028006905256
162,West Queen West,2022,False,130,61.312679186403116
162,West Queen West,2023,False,148,58.4411704362973
162,West Queen West,2024,False,131,64.19390268861174
162,West Queen West,2025,False,129,62.718835731722
163,Fort York-Liberty Village,2014,False,30,49.34942254750579
163,Fort York-Liberty Village,2015,False,20,53.65346414863609
163,Fort York-Liberty Village,2016,False,42,59.09371574550236
163,Fort York-Liberty Village,2017,False,51,64.67915549568208
163,Fort York-Liberty Village,2018,False,64,68.60986919732517
163,Fort York-Liberty Village,2019,False,73,71.6008059919981
163,Fort York-Liberty Village,2020,False,76,75.81033870666357
163,Fort York-Liberty Village,2021,False,168,85.52929284440268
163,Fort York-Liberty Village,2022,False,145,81.37813938098066
163,Fort York-Liberty Village,2023,False,114,77.56688790085218
163,Fort York-Liberty Village,2024,False,121,85.20228490620977
163,Fort York-Liberty Village,2025,False,112,83.24448097385972
164,Wellington Place,2014,True,60,68.30194865126347
164,Wellington Place,2015,True,65,74.25894699608325
164,Wellington Place,2016,True,61,81.78851403126822
164,Wellington Place,2017,True,80,89.51902837810293
164,Wellington Place,2018,True,90,94.959323148604
164,Wellington Place,2019,True,101,99.098921969082
164,Wellington Place,2020,True,110,104.92511551868468
164,Wellington Place,2021,True,142,118.37661043376332
164,Wellington Place,2022,True,148,112.63121654532965
164,Wellington Place,2023,True,134,107.35626317293323
164,Wellington Place,2024,True,181,117.92401588959196
164,Wellington Place,2025,True,126,115.21432210284323
165,Harbourfront-CityPlace,2014,True,33,78.56608124138006
165,Harbourfront-CityPlace,2015,True,45,85.41827250613426
165,Harbourfront-CityPlace,2016,True,83,94.07935153946025
165,Harbourfront-CityPlace,2017,True,54,102.9715754101452
165,Harbourfront-CityPlace,2018,True,59,109.22941503780473
165,Harbourfront-CityPlace,2019,True,93,113.99109554119663
165,Harbourfront-CityPlace,2020,True,144,120.69282521048068
165,Harbourfront-CityPlace,2021,True,184,136.1657548001188
165,Harbourfront-CityPlace,2022,True,170,129.55696702881926
165,Harbourfront-CityPlace,2023,True,126,123.48931561646778
165,Harbourfront-CityPlace,2024,True,113,135.64514623141855
165,Harbourfront-CityPlace,2025,True,123,132.52825093936858
166,St Lawrence-East Bayfront-The Islands,2014,True,40,112.19313781080126
166,St Lawrence-East Bayfront-The Islands,2015,True,69,121.97813442416972
166,St Lawrence-East Bayfront-The Islands,2016,True,72,134.34624058681223
166,St Lawrence-East Bayfront-The Islands,2017,True,90,147.0444238537511
166,St Lawrence-East Bayfront-The Islands,2018,True,95,155.98068047557325
166,St Lawrence-East Bayfront-The Islands,2019,True,124,162.78040713225522
166,St Lawrence-East Bayfront-The Islands,2020,True,110,172.35054310539473
166,St Lawrence-East Bayfront-The Islands,2021,True,157,194.44603895243426
166,St Lawrence-East Bayfront-The Islands,2022,True,154,185.00862492500244
166,St Lawrence-East Bayfront-The Islands,2023,True,151,176.3439589478058
166,St Lawrence-East Bayfront-The Islands,2024,True,165,193.70260478885137
166,St Lawrence-East Bayfront-The Islands,2025,True,185,189.25164761347145
167,Church-Wellesley,2014,True,84,126.1363123801831
167,Church-Wellesley,2015,True,102,137.1373719239875
167,Church-Wellesley,2016,True,143,151.04256552961758
167,Church-Wellesley,2017,True,150,165.31885766720347
167,Church-Wellesley,2018,True,161,175.3656972400521
167,Church-Wellesley,2019,True,178,183.0104824952207
167,Church-Wellesley,2020,True,133,193.76997887961113
167,Church-Wellesley,2021,True,226,218.61146580777972
167,Church-Wellesley,2022,True,155,208.0011858294023
167,Church-Wellesley,2023,True,112,198.25968972994676
167,Church-Wellesley,2024,True,91,217.77563889606654
167,Church-Wellesley,2025,True,121,212.77152424503245
168,Downtown Yonge East,2014,True,168,81.55709925689455
168,Downtown Yonge East,2015,True,185,88.6701540800037
168,Downtown Yonge East,2016,True,210,97.66096119716876
168,Downtown Yonge East,2017,True,221,106.89171285713596
168,Downtown Yonge East,2018,True,254,113.38778902108173
168,Downtown Yonge East,2019,True,277,118.3307471438322
168,Downtown Yonge East,2020,True,272,125.28761228454636
168,Downtown Yonge East,2021,True,327,141.3495977418586
168,Downtown Yonge East,2022,True,260,134.48921280582405
168,Downtown Yonge East,2023,True,234,128.19056534022096
168,Downtown Yonge East,2024,True,209,140.80916955655778
168,Downtown Yonge East,2025,True,240,137.5736137710265
169,Bay-Cloverhill,2014,True,43,97.09444202036168
169,Bay-Cloverhill,2015,True,45,105.56259617742167
169,Bay-Cloverhill,2016,True,47,116.26623091072837
169,Bay-Cloverhill,2017,True,59,127.25552172684671
169,Bay-Cloverhill,2018,True,61,134.98915737851877
169,Bay-Cloverhill,2019,True,69,140.87379237941244
169,Bay-Cloverhill,2020,True,72,149.15600134960758
169,Bay-Cloverhill,2021,True,60,168.2779359197003
169,Bay-Cloverhill,2022,True,82,160.11058747942496
169,Bay-Cloverhill,2023,True,69,152.61199242481985
169,Bay-Cloverhill,2024,True,71,167.63455142488655
169,Bay-Cloverhill,2025,True,70,163.78259388244925
170,Yonge-Bay Corridor,2014,True,122,59.45024538251652
170,Yonge-Bay Corridor,2015,True,143,64.63523673834118
170,Yonge-Bay Corridor,2016,True,174,71.18899716106922
170,Yonge-Bay Corridor,2017,True,174,77.91766279839854
170,Yonge-Bay Corridor,2018,True,174,82.65291362866196
170,Yonge-Bay Corridor,2019,True,180,86.25603433784023
170,Yonge-Bay Corridor,2020,True,168,91.32717276082147
170,Yonge-Bay Corridor,2021,True,190,103.03539908897771
170,Yonge-Bay Corridor,2022,True,200,98.03458896230684
170,Yonge-Bay Corridor,2023,True,166,93.44325183997277
170,Yonge-Bay Corridor,2024,True,166,102.64145927845836
170,Yonge-Bay Corridor,2025,True,150,100.28293271055337
171,Junction-Wallace Emerson,2014,False,75,68.57778522050286
171,Junction-Wallace Emerson,2015,False,73,74.55884082897099
171,Junction-Wallace Emerson,2016,False,79,82.1188159268812
171,Junction-Wallace Emerson,2017,False,83,89.88054985965735
171,Junction-Wallace Emerson,2018,False,94,95.34281519285499
171,Junction-Wallace Emerson,2019,False,118,99.49913173162979
171,Junction-Wallace Emerson,2020,False,104,105.3488542913439
171,Junction-Wallace Emerson,2021,False,100,118.85467290116017
171,Junction-Wallace Emerson,2022,False,84,113.0860763110407
171,Junction-Wallace Emerson,2023,False,89,107.78982010512529
171,Junction-Wallace Emerson,2024,False,135,118.40025055955718
171,Junction-Wallace Emerson,2025,False,143,115.6796137081875
172,Dovercourt Village,2014,False,28,31.35701545736668
172,Dovercourt Village,2015,False,48,34.09183771158601
172,Dovercourt Village,2016,False,47,37.54861683095022
172,Dovercourt Village,2017,False,81,41.09764965730146
172,Dovercourt Village,2018,False,67,43.59525639590624
172,Dovercourt Village,2019,False,74,45.495721415781254
172,Dovercourt Village,2020,False,79,48.17049197211327
172,Dovercourt Village,2021,False,80,54.34599270534173
172,Dovercourt Village,2022,False,102,51.7083167894154
172,Dovercourt Village,2023,False,77,49.28661729618925
172,Dovercourt Village,2024,False,65,54.138209261417416
172,Dovercourt Village,2025,False,62,52.89420507656406
173,North Toronto,2014,False,28,61.705438970410924
173,North Toronto,2015,False,33,67.08711848426937
173,North Toronto,2016,False,60,73.88949013453457
173,North Toronto,2017,False,34,80.87340187728792
173,North Toronto,2018,False,43,85.78828034812324
173,North Toronto,2019,False,42,89.52808232190296
173,North Toronto,2020,False,91,94.79158999048188
173,North Toronto,2021,False,130,106.9439577476765
173,North Toronto,2022,False,81,101.75344621843982
173,North Toronto,2023,False,67,96.9879406974469
173,North Toronto,2024,False,56,106.53507417150946
173,North Toronto,2025,False,64,104.08707894021042
174,South Eglinton-Davisville,2014,False,33,72.2098815756492
174,South Eglinton-Davisville,2015,False,36,78.50771280184244
174,South Eglinton-Davisville,2016,False,58,86.46808808634125
174,South Eglinton-Davisville,2017,False,49,94.64090799158213
174,South Eglinton-Davisville,2018,False,61,100.3924721690595
174,South Eglinton-Davisville,2019,False,71,104.76892037441951
174,South Eglinton-Davisville,2020,False,82,110.92846273830838
174,South Eglinton-Davisville,2021,False,80,125.14959220846016
174,South Eglinton-Davisville,2022,False,67,119.07547250204426
174,South Eglinton-Davisville,2023,False,61,113.49870982016756
174,South Eglinton-Davisville,2024,False,79,124.67110222271663
174,South Eglinton-Davisville,2025,False,80,121.80637184077051
